-- =============================================
-- Admin user for frontend testing - do not delete
-- =============================================
INSERT INTO users (id, email, password, status, subdomain)
VALUES (
  '10000000-0000-4000-8000-000000000001',
  'a@a.com',
  '$2b$10$A/gQANzmiA/uRAh9NxSqxOjVKYmMvEBMbN7xAwYku7wbbzOpPX9QS',
  'admin',
  'fr'
);

INSERT INTO users (id, email, password, status, premium_status_expiration_date, subdomain)
VALUES (
  '10000000-0000-4000-8000-000000000002',
  'b@b.com',
  '$2b$10$A/gQANzmiA/uRAh9NxSqxOjVKYmMvEBMbN7xAwYku7wbbzOpPX9QS',
  'premium',
  now() + interval '1 year',
  'fr'
);

INSERT INTO users (id, email, password, status, subdomain)
VALUES (
  '10000000-0000-4000-8000-000000000003',
  'c@c.com',
  '$2b$10$A/gQANzmiA/uRAh9NxSqxOjVKYmMvEBMbN7xAwYku7wbbzOpPX9QS',
  'free',
  'fr'
);

INSERT INTO users (id, email, password, status, premium_status_expiration_date, subdomain)
VALUES (
  '10000000-0000-4000-8000-000000000004',
  'd@d.com',
  '$2b$10$A/gQANzmiA/uRAh9NxSqxOjVKYmMvEBMbN7xAwYku7wbbzOpPX9QS',
  'premium',
    now() + interval '1 year',
  'fr'
);

-- =============================================
-- Country flag notes, tags, details and note_tags (user b@b.com)
-- =============================================
INSERT INTO notes (id, user_id, title)
VALUES
  ('30000000-0000-4000-8000-000000000001', '10000000-0000-4000-8000-000000000002', 'Afrique du Sud (Afrique)'),
  ('30000000-0000-4000-8000-000000000002', '10000000-0000-4000-8000-000000000002', 'Algérie (Afrique)'),
  ('30000000-0000-4000-8000-000000000003', '10000000-0000-4000-8000-000000000002', 'Angola (Afrique)'),
  ('30000000-0000-4000-8000-000000000004', '10000000-0000-4000-8000-000000000002', 'Bénin (Afrique)'),
  ('30000000-0000-4000-8000-000000000005', '10000000-0000-4000-8000-000000000002', 'Botswana (Afrique)'),
  ('30000000-0000-4000-8000-000000000006', '10000000-0000-4000-8000-000000000002', 'Burkina Faso (Afrique)'),
  ('30000000-0000-4000-8000-000000000007', '10000000-0000-4000-8000-000000000002', 'Burundi (Afrique)'),
  ('30000000-0000-4000-8000-000000000008', '10000000-0000-4000-8000-000000000002', 'Cameroun (Afrique)'),
  ('30000000-0000-4000-8000-000000000009', '10000000-0000-4000-8000-000000000002', 'Cap-Vert (Afrique)'),
  ('30000000-0000-4000-8000-00000000000a', '10000000-0000-4000-8000-000000000002', 'Comores (Afrique)'),
  ('30000000-0000-4000-8000-00000000000b', '10000000-0000-4000-8000-000000000002', 'Côte d''Ivoire (Afrique)'),
  ('30000000-0000-4000-8000-00000000000c', '10000000-0000-4000-8000-000000000002', 'Djibouti (Afrique)'),
  ('30000000-0000-4000-8000-00000000000d', '10000000-0000-4000-8000-000000000002', 'Égypte (Afrique)'),
  ('30000000-0000-4000-8000-00000000000e', '10000000-0000-4000-8000-000000000002', 'Érythrée (Afrique)'),
  ('30000000-0000-4000-8000-00000000000f', '10000000-0000-4000-8000-000000000002', 'Eswatini (Afrique)'),
  ('30000000-0000-4000-8000-000000000010', '10000000-0000-4000-8000-000000000002', 'Éthiopie (Afrique)'),
  ('30000000-0000-4000-8000-000000000011', '10000000-0000-4000-8000-000000000002', 'Gabon (Afrique)'),
  ('30000000-0000-4000-8000-000000000012', '10000000-0000-4000-8000-000000000002', 'Gambie (Afrique)'),
  ('30000000-0000-4000-8000-000000000013', '10000000-0000-4000-8000-000000000002', 'Ghana (Afrique)'),
  ('30000000-0000-4000-8000-000000000014', '10000000-0000-4000-8000-000000000002', 'Guinée (Afrique)'),
  ('30000000-0000-4000-8000-000000000015', '10000000-0000-4000-8000-000000000002', 'Guinée équatoriale (Afrique)'),
  ('30000000-0000-4000-8000-000000000016', '10000000-0000-4000-8000-000000000002', 'Guinée-Bissau (Afrique)'),
  ('30000000-0000-4000-8000-000000000017', '10000000-0000-4000-8000-000000000002', 'Kenya (Afrique)'),
  ('30000000-0000-4000-8000-000000000018', '10000000-0000-4000-8000-000000000002', 'Lesotho (Afrique)'),
  ('30000000-0000-4000-8000-000000000019', '10000000-0000-4000-8000-000000000002', 'Liberia (Afrique)'),
  ('30000000-0000-4000-8000-00000000001a', '10000000-0000-4000-8000-000000000002', 'Libye (Afrique)'),
  ('30000000-0000-4000-8000-00000000001b', '10000000-0000-4000-8000-000000000002', 'Madagascar (Afrique)'),
  ('30000000-0000-4000-8000-00000000001c', '10000000-0000-4000-8000-000000000002', 'Malawi (Afrique)'),
  ('30000000-0000-4000-8000-00000000001d', '10000000-0000-4000-8000-000000000002', 'Mali (Afrique)'),
  ('30000000-0000-4000-8000-00000000001e', '10000000-0000-4000-8000-000000000002', 'Maroc (Afrique)'),
  ('30000000-0000-4000-8000-00000000001f', '10000000-0000-4000-8000-000000000002', 'Maurice (Afrique)'),
  ('30000000-0000-4000-8000-000000000020', '10000000-0000-4000-8000-000000000002', 'Mauritanie (Afrique)'),
  ('30000000-0000-4000-8000-000000000021', '10000000-0000-4000-8000-000000000002', 'Mozambique (Afrique)'),
  ('30000000-0000-4000-8000-000000000022', '10000000-0000-4000-8000-000000000002', 'Namibie (Afrique)'),
  ('30000000-0000-4000-8000-000000000023', '10000000-0000-4000-8000-000000000002', 'Niger (Afrique)'),
  ('30000000-0000-4000-8000-000000000024', '10000000-0000-4000-8000-000000000002', 'Nigeria (Afrique)'),
  ('30000000-0000-4000-8000-000000000025', '10000000-0000-4000-8000-000000000002', 'Ouganda (Afrique)'),
  ('30000000-0000-4000-8000-000000000026', '10000000-0000-4000-8000-000000000002', 'République centrafricaine (Afrique)'),
  ('30000000-0000-4000-8000-000000000027', '10000000-0000-4000-8000-000000000002', 'République démocratique du Congo (Afrique)'),
  ('30000000-0000-4000-8000-000000000028', '10000000-0000-4000-8000-000000000002', 'République du Congo (Afrique)'),
  ('30000000-0000-4000-8000-000000000029', '10000000-0000-4000-8000-000000000002', 'Rwanda (Afrique)'),
  ('30000000-0000-4000-8000-00000000002a', '10000000-0000-4000-8000-000000000002', 'Sao Tomé-et-Principe (Afrique)'),
  ('30000000-0000-4000-8000-00000000002b', '10000000-0000-4000-8000-000000000002', 'Sénégal (Afrique)'),
  ('30000000-0000-4000-8000-00000000002c', '10000000-0000-4000-8000-000000000002', 'Seychelles (Afrique)'),
  ('30000000-0000-4000-8000-00000000002d', '10000000-0000-4000-8000-000000000002', 'Sierra Leone (Afrique)'),
  ('30000000-0000-4000-8000-00000000002e', '10000000-0000-4000-8000-000000000002', 'Somalie (Afrique)'),
  ('30000000-0000-4000-8000-00000000002f', '10000000-0000-4000-8000-000000000002', 'Soudan (Afrique)'),
  ('30000000-0000-4000-8000-000000000030', '10000000-0000-4000-8000-000000000002', 'Soudan du Sud (Afrique)'),
  ('30000000-0000-4000-8000-000000000031', '10000000-0000-4000-8000-000000000002', 'Tanzanie (Afrique)'),
  ('30000000-0000-4000-8000-000000000032', '10000000-0000-4000-8000-000000000002', 'Tchad (Afrique)'),
  ('30000000-0000-4000-8000-000000000033', '10000000-0000-4000-8000-000000000002', 'Togo (Afrique)'),
  ('30000000-0000-4000-8000-000000000034', '10000000-0000-4000-8000-000000000002', 'Tunisie (Afrique)'),
  ('30000000-0000-4000-8000-000000000035', '10000000-0000-4000-8000-000000000002', 'Zambie (Afrique)'),
  ('30000000-0000-4000-8000-000000000036', '10000000-0000-4000-8000-000000000002', 'Zimbabwe (Afrique)'),
  ('30000000-0000-4000-8000-000000000037', '10000000-0000-4000-8000-000000000002', 'Antigua-et-Barbuda (Amérique du Nord)'),
  ('30000000-0000-4000-8000-000000000038', '10000000-0000-4000-8000-000000000002', 'Bahamas (Amérique du Nord)'),
  ('30000000-0000-4000-8000-000000000039', '10000000-0000-4000-8000-000000000002', 'Barbade (Amérique du Nord)'),
  ('30000000-0000-4000-8000-00000000003a', '10000000-0000-4000-8000-000000000002', 'Belize (Amérique du Nord)'),
  ('30000000-0000-4000-8000-00000000003b', '10000000-0000-4000-8000-000000000002', 'Canada (Amérique du Nord)'),
  ('30000000-0000-4000-8000-00000000003c', '10000000-0000-4000-8000-000000000002', 'Costa Rica (Amérique du Nord)'),
  ('30000000-0000-4000-8000-00000000003d', '10000000-0000-4000-8000-000000000002', 'Cuba (Amérique du Nord)'),
  ('30000000-0000-4000-8000-00000000003e', '10000000-0000-4000-8000-000000000002', 'Dominique (Amérique du Nord)'),
  ('30000000-0000-4000-8000-00000000003f', '10000000-0000-4000-8000-000000000002', 'États-Unis (Amérique du Nord)'),
  ('30000000-0000-4000-8000-000000000040', '10000000-0000-4000-8000-000000000002', 'Grenade (Amérique du Nord)'),
  ('30000000-0000-4000-8000-000000000041', '10000000-0000-4000-8000-000000000002', 'Guatemala (Amérique du Nord)'),
  ('30000000-0000-4000-8000-000000000042', '10000000-0000-4000-8000-000000000002', 'Haïti (Amérique du Nord)'),
  ('30000000-0000-4000-8000-000000000043', '10000000-0000-4000-8000-000000000002', 'Honduras (Amérique du Nord)'),
  ('30000000-0000-4000-8000-000000000044', '10000000-0000-4000-8000-000000000002', 'Jamaïque (Amérique du Nord)'),
  ('30000000-0000-4000-8000-000000000045', '10000000-0000-4000-8000-000000000002', 'Mexique (Amérique du Nord)'),
  ('30000000-0000-4000-8000-000000000046', '10000000-0000-4000-8000-000000000002', 'Nicaragua (Amérique du Nord)'),
  ('30000000-0000-4000-8000-000000000047', '10000000-0000-4000-8000-000000000002', 'Panama (Amérique du Nord)'),
  ('30000000-0000-4000-8000-000000000048', '10000000-0000-4000-8000-000000000002', 'République dominicaine (Amérique du Nord)'),
  ('30000000-0000-4000-8000-000000000049', '10000000-0000-4000-8000-000000000002', 'Saint-Kitts-et-Nevis (Amérique du Nord)'),
  ('30000000-0000-4000-8000-00000000004a', '10000000-0000-4000-8000-000000000002', 'Saint-Vincent-et-les-Grenadines (Amérique du Nord)'),
  ('30000000-0000-4000-8000-00000000004b', '10000000-0000-4000-8000-000000000002', 'Sainte-Lucie (Amérique du Nord)'),
  ('30000000-0000-4000-8000-00000000004c', '10000000-0000-4000-8000-000000000002', 'Salvador (Amérique du Nord)'),
  ('30000000-0000-4000-8000-00000000004d', '10000000-0000-4000-8000-000000000002', 'Trinité-et-Tobago (Amérique du Nord)'),
  ('30000000-0000-4000-8000-00000000004e', '10000000-0000-4000-8000-000000000002', 'Argentine (Amérique du Sud)'),
  ('30000000-0000-4000-8000-00000000004f', '10000000-0000-4000-8000-000000000002', 'Bolivie (Amérique du Sud)'),
  ('30000000-0000-4000-8000-000000000050', '10000000-0000-4000-8000-000000000002', 'Brésil (Amérique du Sud)'),
  ('30000000-0000-4000-8000-000000000051', '10000000-0000-4000-8000-000000000002', 'Chili (Amérique du Sud)'),
  ('30000000-0000-4000-8000-000000000052', '10000000-0000-4000-8000-000000000002', 'Colombie (Amérique du Sud)'),
  ('30000000-0000-4000-8000-000000000053', '10000000-0000-4000-8000-000000000002', 'Équateur (Amérique du Sud)'),
  ('30000000-0000-4000-8000-000000000054', '10000000-0000-4000-8000-000000000002', 'Guyana (Amérique du Sud)'),
  ('30000000-0000-4000-8000-000000000055', '10000000-0000-4000-8000-000000000002', 'Paraguay (Amérique du Sud)'),
  ('30000000-0000-4000-8000-000000000056', '10000000-0000-4000-8000-000000000002', 'Pérou (Amérique du Sud)'),
  ('30000000-0000-4000-8000-000000000057', '10000000-0000-4000-8000-000000000002', 'Suriname (Amérique du Sud)'),
  ('30000000-0000-4000-8000-000000000058', '10000000-0000-4000-8000-000000000002', 'Uruguay (Amérique du Sud)'),
  ('30000000-0000-4000-8000-000000000059', '10000000-0000-4000-8000-000000000002', 'Venezuela (Amérique du Sud)'),
  ('30000000-0000-4000-8000-00000000005a', '10000000-0000-4000-8000-000000000002', 'Afghanistan (Asie)'),
  ('30000000-0000-4000-8000-00000000005b', '10000000-0000-4000-8000-000000000002', 'Arabie saoudite (Asie)'),
  ('30000000-0000-4000-8000-00000000005c', '10000000-0000-4000-8000-000000000002', 'Arménie (Asie)'),
  ('30000000-0000-4000-8000-00000000005d', '10000000-0000-4000-8000-000000000002', 'Azerbaïdjan (Asie)'),
  ('30000000-0000-4000-8000-00000000005e', '10000000-0000-4000-8000-000000000002', 'Bahreïn (Asie)'),
  ('30000000-0000-4000-8000-00000000005f', '10000000-0000-4000-8000-000000000002', 'Bangladesh (Asie)'),
  ('30000000-0000-4000-8000-000000000060', '10000000-0000-4000-8000-000000000002', 'Bhoutan (Asie)'),
  ('30000000-0000-4000-8000-000000000061', '10000000-0000-4000-8000-000000000002', 'Birmanie (Asie)'),
  ('30000000-0000-4000-8000-000000000062', '10000000-0000-4000-8000-000000000002', 'Brunei (Asie)'),
  ('30000000-0000-4000-8000-000000000063', '10000000-0000-4000-8000-000000000002', 'Cambodge (Asie)'),
  ('30000000-0000-4000-8000-000000000064', '10000000-0000-4000-8000-000000000002', 'Chine (Asie)'),
  ('30000000-0000-4000-8000-000000000065', '10000000-0000-4000-8000-000000000002', 'Corée du Nord (Asie)'),
  ('30000000-0000-4000-8000-000000000066', '10000000-0000-4000-8000-000000000002', 'Corée du Sud (Asie)'),
  ('30000000-0000-4000-8000-000000000067', '10000000-0000-4000-8000-000000000002', 'Émirats arabes unis (Asie)'),
  ('30000000-0000-4000-8000-000000000068', '10000000-0000-4000-8000-000000000002', 'Géorgie (Asie)'),
  ('30000000-0000-4000-8000-000000000069', '10000000-0000-4000-8000-000000000002', 'Inde (Asie)'),
  ('30000000-0000-4000-8000-00000000006a', '10000000-0000-4000-8000-000000000002', 'Indonésie (Asie)'),
  ('30000000-0000-4000-8000-00000000006b', '10000000-0000-4000-8000-000000000002', 'Irak (Asie)'),
  ('30000000-0000-4000-8000-00000000006c', '10000000-0000-4000-8000-000000000002', 'Iran (Asie)'),
  ('30000000-0000-4000-8000-00000000006d', '10000000-0000-4000-8000-000000000002', 'Israël (Asie)'),
  ('30000000-0000-4000-8000-00000000006e', '10000000-0000-4000-8000-000000000002', 'Japon (Asie)'),
  ('30000000-0000-4000-8000-00000000006f', '10000000-0000-4000-8000-000000000002', 'Jordanie (Asie)'),
  ('30000000-0000-4000-8000-000000000070', '10000000-0000-4000-8000-000000000002', 'Kazakhstan (Asie)'),
  ('30000000-0000-4000-8000-000000000071', '10000000-0000-4000-8000-000000000002', 'Kirghizistan (Asie)'),
  ('30000000-0000-4000-8000-000000000072', '10000000-0000-4000-8000-000000000002', 'Koweït (Asie)'),
  ('30000000-0000-4000-8000-000000000073', '10000000-0000-4000-8000-000000000002', 'Laos (Asie)'),
  ('30000000-0000-4000-8000-000000000074', '10000000-0000-4000-8000-000000000002', 'Liban (Asie)'),
  ('30000000-0000-4000-8000-000000000075', '10000000-0000-4000-8000-000000000002', 'Malaisie (Asie)'),
  ('30000000-0000-4000-8000-000000000076', '10000000-0000-4000-8000-000000000002', 'Maldives (Asie)'),
  ('30000000-0000-4000-8000-000000000077', '10000000-0000-4000-8000-000000000002', 'Mongolie (Asie)'),
  ('30000000-0000-4000-8000-000000000078', '10000000-0000-4000-8000-000000000002', 'Népal (Asie)'),
  ('30000000-0000-4000-8000-000000000079', '10000000-0000-4000-8000-000000000002', 'Oman (Asie)'),
  ('30000000-0000-4000-8000-00000000007a', '10000000-0000-4000-8000-000000000002', 'Ouzbékistan (Asie)'),
  ('30000000-0000-4000-8000-00000000007b', '10000000-0000-4000-8000-000000000002', 'Pakistan (Asie)'),
  ('30000000-0000-4000-8000-00000000007c', '10000000-0000-4000-8000-000000000002', 'Philippines (Asie)'),
  ('30000000-0000-4000-8000-00000000007d', '10000000-0000-4000-8000-000000000002', 'Qatar (Asie)'),
  ('30000000-0000-4000-8000-00000000007e', '10000000-0000-4000-8000-000000000002', 'Singapour (Asie)'),
  ('30000000-0000-4000-8000-00000000007f', '10000000-0000-4000-8000-000000000002', 'Sri Lanka (Asie)'),
  ('30000000-0000-4000-8000-000000000080', '10000000-0000-4000-8000-000000000002', 'Syrie (Asie)'),
  ('30000000-0000-4000-8000-000000000081', '10000000-0000-4000-8000-000000000002', 'Tadjikistan (Asie)'),
  ('30000000-0000-4000-8000-000000000082', '10000000-0000-4000-8000-000000000002', 'Thaïlande (Asie)'),
  ('30000000-0000-4000-8000-000000000083', '10000000-0000-4000-8000-000000000002', 'Timor oriental (Asie)'),
  ('30000000-0000-4000-8000-000000000084', '10000000-0000-4000-8000-000000000002', 'Turkménistan (Asie)'),
  ('30000000-0000-4000-8000-000000000085', '10000000-0000-4000-8000-000000000002', 'Turquie (Asie)'),
  ('30000000-0000-4000-8000-000000000086', '10000000-0000-4000-8000-000000000002', 'Viêt Nam (Asie)'),
  ('30000000-0000-4000-8000-000000000087', '10000000-0000-4000-8000-000000000002', 'Yémen (Asie)'),
  ('30000000-0000-4000-8000-000000000088', '10000000-0000-4000-8000-000000000002', 'Albanie (Europe)'),
  ('30000000-0000-4000-8000-000000000089', '10000000-0000-4000-8000-000000000002', 'Allemagne (Europe)'),
  ('30000000-0000-4000-8000-00000000008a', '10000000-0000-4000-8000-000000000002', 'Andorre (Europe)'),
  ('30000000-0000-4000-8000-00000000008b', '10000000-0000-4000-8000-000000000002', 'Autriche (Europe)'),
  ('30000000-0000-4000-8000-00000000008c', '10000000-0000-4000-8000-000000000002', 'Belgique (Europe)'),
  ('30000000-0000-4000-8000-00000000008d', '10000000-0000-4000-8000-000000000002', 'Biélorussie (Europe)'),
  ('30000000-0000-4000-8000-00000000008e', '10000000-0000-4000-8000-000000000002', 'Bosnie-Herzégovine (Europe)'),
  ('30000000-0000-4000-8000-00000000008f', '10000000-0000-4000-8000-000000000002', 'Bulgarie (Europe)'),
  ('30000000-0000-4000-8000-000000000090', '10000000-0000-4000-8000-000000000002', 'Chypre (Europe)'),
  ('30000000-0000-4000-8000-000000000091', '10000000-0000-4000-8000-000000000002', 'Croatie (Europe)'),
  ('30000000-0000-4000-8000-000000000092', '10000000-0000-4000-8000-000000000002', 'Danemark (Europe)'),
  ('30000000-0000-4000-8000-000000000093', '10000000-0000-4000-8000-000000000002', 'Espagne (Europe)'),
  ('30000000-0000-4000-8000-000000000094', '10000000-0000-4000-8000-000000000002', 'Estonie (Europe)'),
  ('30000000-0000-4000-8000-000000000095', '10000000-0000-4000-8000-000000000002', 'Finlande (Europe)'),
  ('30000000-0000-4000-8000-000000000096', '10000000-0000-4000-8000-000000000002', 'France (Europe)'),
  ('30000000-0000-4000-8000-000000000097', '10000000-0000-4000-8000-000000000002', 'Grèce (Europe)'),
  ('30000000-0000-4000-8000-000000000098', '10000000-0000-4000-8000-000000000002', 'Hongrie (Europe)'),
  ('30000000-0000-4000-8000-000000000099', '10000000-0000-4000-8000-000000000002', 'Irlande (Europe)'),
  ('30000000-0000-4000-8000-00000000009a', '10000000-0000-4000-8000-000000000002', 'Islande (Europe)'),
  ('30000000-0000-4000-8000-00000000009b', '10000000-0000-4000-8000-000000000002', 'Italie (Europe)'),
  ('30000000-0000-4000-8000-00000000009c', '10000000-0000-4000-8000-000000000002', 'Lettonie (Europe)'),
  ('30000000-0000-4000-8000-00000000009d', '10000000-0000-4000-8000-000000000002', 'Liechtenstein (Europe)'),
  ('30000000-0000-4000-8000-00000000009e', '10000000-0000-4000-8000-000000000002', 'Lituanie (Europe)'),
  ('30000000-0000-4000-8000-00000000009f', '10000000-0000-4000-8000-000000000002', 'Luxembourg (Europe)'),
  ('30000000-0000-4000-8000-0000000000a0', '10000000-0000-4000-8000-000000000002', 'Macédoine du Nord (Europe)'),
  ('30000000-0000-4000-8000-0000000000a1', '10000000-0000-4000-8000-000000000002', 'Malte (Europe)'),
  ('30000000-0000-4000-8000-0000000000a2', '10000000-0000-4000-8000-000000000002', 'Moldavie (Europe)'),
  ('30000000-0000-4000-8000-0000000000a3', '10000000-0000-4000-8000-000000000002', 'Monaco (Europe)'),
  ('30000000-0000-4000-8000-0000000000a4', '10000000-0000-4000-8000-000000000002', 'Monténégro (Europe)'),
  ('30000000-0000-4000-8000-0000000000a5', '10000000-0000-4000-8000-000000000002', 'Norvège (Europe)'),
  ('30000000-0000-4000-8000-0000000000a6', '10000000-0000-4000-8000-000000000002', 'Pays-Bas (Europe)'),
  ('30000000-0000-4000-8000-0000000000a7', '10000000-0000-4000-8000-000000000002', 'Pologne (Europe)'),
  ('30000000-0000-4000-8000-0000000000a8', '10000000-0000-4000-8000-000000000002', 'Portugal (Europe)'),
  ('30000000-0000-4000-8000-0000000000a9', '10000000-0000-4000-8000-000000000002', 'Roumanie (Europe)'),
  ('30000000-0000-4000-8000-0000000000aa', '10000000-0000-4000-8000-000000000002', 'Royaume-Uni (Europe)'),
  ('30000000-0000-4000-8000-0000000000ab', '10000000-0000-4000-8000-000000000002', 'Russie (Europe)'),
  ('30000000-0000-4000-8000-0000000000ac', '10000000-0000-4000-8000-000000000002', 'Saint-Marin (Europe)'),
  ('30000000-0000-4000-8000-0000000000ad', '10000000-0000-4000-8000-000000000002', 'Serbie (Europe)'),
  ('30000000-0000-4000-8000-0000000000ae', '10000000-0000-4000-8000-000000000002', 'Slovaquie (Europe)'),
  ('30000000-0000-4000-8000-0000000000af', '10000000-0000-4000-8000-000000000002', 'Slovénie (Europe)'),
  ('30000000-0000-4000-8000-0000000000b0', '10000000-0000-4000-8000-000000000002', 'Suède (Europe)'),
  ('30000000-0000-4000-8000-0000000000b1', '10000000-0000-4000-8000-000000000002', 'Suisse (Europe)'),
  ('30000000-0000-4000-8000-0000000000b2', '10000000-0000-4000-8000-000000000002', 'Tchéquie (République tchèque) (Europe)'),
  ('30000000-0000-4000-8000-0000000000b3', '10000000-0000-4000-8000-000000000002', 'Ukraine (Europe)'),
  ('30000000-0000-4000-8000-0000000000b4', '10000000-0000-4000-8000-000000000002', 'Vatican (Europe)'),
  ('30000000-0000-4000-8000-0000000000b5', '10000000-0000-4000-8000-000000000002', 'Australie (Océanie)'),
  ('30000000-0000-4000-8000-0000000000b6', '10000000-0000-4000-8000-000000000002', 'Etats fédérés de Micronésie (Océanie)'),
  ('30000000-0000-4000-8000-0000000000b7', '10000000-0000-4000-8000-000000000002', 'Fidji (Océanie)'),
  ('30000000-0000-4000-8000-0000000000b8', '10000000-0000-4000-8000-000000000002', 'Iles Marshall (Océanie)'),
  ('30000000-0000-4000-8000-0000000000b9', '10000000-0000-4000-8000-000000000002', 'Iles Salomon (Océanie)'),
  ('30000000-0000-4000-8000-0000000000ba', '10000000-0000-4000-8000-000000000002', 'Kitibati (Océanie)'),
  ('30000000-0000-4000-8000-0000000000bb', '10000000-0000-4000-8000-000000000002', 'Nauru (Océanie)'),
  ('30000000-0000-4000-8000-0000000000bc', '10000000-0000-4000-8000-000000000002', 'Nouvelle-Zélande (Océanie)'),
  ('30000000-0000-4000-8000-0000000000bd', '10000000-0000-4000-8000-000000000002', 'Palaos (Océanie)'),
  ('30000000-0000-4000-8000-0000000000be', '10000000-0000-4000-8000-000000000002', 'Papouasie-Nouvelle-Guinée (Océanie)'),
  ('30000000-0000-4000-8000-0000000000bf', '10000000-0000-4000-8000-000000000002', 'Samoa (Océanie)'),
  ('30000000-0000-4000-8000-0000000000c0', '10000000-0000-4000-8000-000000000002', 'Tonga (Océanie)'),
  ('30000000-0000-4000-8000-0000000000c1', '10000000-0000-4000-8000-000000000002', 'Tuvalu (Océanie)'),
  ('30000000-0000-4000-8000-0000000000c2', '10000000-0000-4000-8000-000000000002', 'Vanuatu (Océanie)');

INSERT INTO tags (id, user_id, label, lowercase_label)
VALUES
  ('20000000-0000-4000-8000-000000000001', '10000000-0000-4000-8000-000000000002', 'Afrique', 'afrique'),
  ('20000000-0000-4000-8000-000000000002', '10000000-0000-4000-8000-000000000002', 'Amérique du Nord', 'amérique du nord'),
  ('20000000-0000-4000-8000-000000000003', '10000000-0000-4000-8000-000000000002', 'Amérique du Sud', 'amérique du sud'),
  ('20000000-0000-4000-8000-000000000004', '10000000-0000-4000-8000-000000000002', 'Asie', 'asie'),
  ('20000000-0000-4000-8000-000000000005', '10000000-0000-4000-8000-000000000002', 'Drapeaux des pays', 'drapeaux des pays'),
  ('20000000-0000-4000-8000-000000000006', '10000000-0000-4000-8000-000000000002', 'Europe', 'europe'),
  ('20000000-0000-4000-8000-000000000007', '10000000-0000-4000-8000-000000000002', 'Océanie', 'océanie');

INSERT INTO note_details (
  note_id,
  content_position,
  content_type,
  markdown_content,
  html_content,
  file_url,
  to_be_hidden
)
VALUES
(
      '30000000-0000-4000-8000-000000000001',
      1,
      'image',
      null,
      null,
      'https://f003.backblazeb2.com/file/notyloops/afrique-du-sud.webp',
      false
    ),
    (
      '30000000-0000-4000-8000-000000000001',
      2,
      'text',
      'A quel pays appartient le drapeau ci-dessus ?',
      '<p>A quel pays appartient le drapeau ci-dessus ?</p>',
      null,
      false
    ),
    (
      '30000000-0000-4000-8000-000000000001',
      3,
      'text',
      'Afrique du Sud',
      '<p>Afrique du Sud</p>',
      null,
      true
    ),
    (
      '30000000-0000-4000-8000-000000000002',
      1,
      'image',
      null,
      null,
      'https://f003.backblazeb2.com/file/notyloops/algerie.webp',
      false
    ),
    (
      '30000000-0000-4000-8000-000000000002',
      2,
      'text',
      'A quel pays appartient le drapeau ci-dessus ?',
      '<p>A quel pays appartient le drapeau ci-dessus ?</p>',
      null,
      false
    ),
    (
      '30000000-0000-4000-8000-000000000002',
      3,
      'text',
      'Algérie',
      '<p>Algérie</p>',
      null,
      true
    ),
    (
      '30000000-0000-4000-8000-000000000003',
      1,
      'image',
      null,
      null,
      'https://f003.backblazeb2.com/file/notyloops/angola.webp',
      false
    ),
    (
      '30000000-0000-4000-8000-000000000003',
      2,
      'text',
      'A quel pays appartient le drapeau ci-dessus ?',
      '<p>A quel pays appartient le drapeau ci-dessus ?</p>',
      null,
      false
    ),
    (
      '30000000-0000-4000-8000-000000000003',
      3,
      'text',
      'Angola',
      '<p>Angola</p>',
      null,
      true
    ),
    (
      '30000000-0000-4000-8000-000000000004',
      1,
      'image',
      null,
      null,
      'https://f003.backblazeb2.com/file/notyloops/benin.webp',
      false
    ),
    (
      '30000000-0000-4000-8000-000000000004',
      2,
      'text',
      'A quel pays appartient le drapeau ci-dessus ?',
      '<p>A quel pays appartient le drapeau ci-dessus ?</p>',
      null,
      false
    ),
    (
      '30000000-0000-4000-8000-000000000004',
      3,
      'text',
      'Bénin',
      '<p>Bénin</p>',
      null,
      true
    ),
    (
      '30000000-0000-4000-8000-000000000005',
      1,
      'image',
      null,
      null,
      'https://f003.backblazeb2.com/file/notyloops/botswana.webp',
      false
    ),
    (
      '30000000-0000-4000-8000-000000000005',
      2,
      'text',
      'A quel pays appartient le drapeau ci-dessus ?',
      '<p>A quel pays appartient le drapeau ci-dessus ?</p>',
      null,
      false
    ),
    (
      '30000000-0000-4000-8000-000000000005',
      3,
      'text',
      'Botswana',
      '<p>Botswana</p>',
      null,
      true
    ),
    (
      '30000000-0000-4000-8000-000000000006',
      1,
      'image',
      null,
      null,
      'https://f003.backblazeb2.com/file/notyloops/burkina-faso.webp',
      false
    ),
    (
      '30000000-0000-4000-8000-000000000006',
      2,
      'text',
      'A quel pays appartient le drapeau ci-dessus ?',
      '<p>A quel pays appartient le drapeau ci-dessus ?</p>',
      null,
      false
    ),
    (
      '30000000-0000-4000-8000-000000000006',
      3,
      'text',
      'Burkina Faso',
      '<p>Burkina Faso</p>',
      null,
      true
    ),
    (
      '30000000-0000-4000-8000-000000000007',
      1,
      'image',
      null,
      null,
      'https://f003.backblazeb2.com/file/notyloops/burundi.webp',
      false
    ),
    (
      '30000000-0000-4000-8000-000000000007',
      2,
      'text',
      'A quel pays appartient le drapeau ci-dessus ?',
      '<p>A quel pays appartient le drapeau ci-dessus ?</p>',
      null,
      false
    ),
    (
      '30000000-0000-4000-8000-000000000007',
      3,
      'text',
      'Burundi',
      '<p>Burundi</p>',
      null,
      true
    ),
    (
      '30000000-0000-4000-8000-000000000008',
      1,
      'image',
      null,
      null,
      'https://f003.backblazeb2.com/file/notyloops/cameroun.webp',
      false
    ),
    (
      '30000000-0000-4000-8000-000000000008',
      2,
      'text',
      'A quel pays appartient le drapeau ci-dessus ?',
      '<p>A quel pays appartient le drapeau ci-dessus ?</p>',
      null,
      false
    ),
    (
      '30000000-0000-4000-8000-000000000008',
      3,
      'text',
      'Cameroun',
      '<p>Cameroun</p>',
      null,
      true
    ),
    (
      '30000000-0000-4000-8000-000000000009',
      1,
      'image',
      null,
      null,
      'https://f003.backblazeb2.com/file/notyloops/cap-vert.webp',
      false
    ),
    (
      '30000000-0000-4000-8000-000000000009',
      2,
      'text',
      'A quel pays appartient le drapeau ci-dessus ?',
      '<p>A quel pays appartient le drapeau ci-dessus ?</p>',
      null,
      false
    ),
    (
      '30000000-0000-4000-8000-000000000009',
      3,
      'text',
      'Cap-Vert',
      '<p>Cap-Vert</p>',
      null,
      true
    ),
    (
      '30000000-0000-4000-8000-00000000000a',
      1,
      'image',
      null,
      null,
      'https://f003.backblazeb2.com/file/notyloops/comores.webp',
      false
    ),
    (
      '30000000-0000-4000-8000-00000000000a',
      2,
      'text',
      'A quel pays appartient le drapeau ci-dessus ?',
      '<p>A quel pays appartient le drapeau ci-dessus ?</p>',
      null,
      false
    ),
    (
      '30000000-0000-4000-8000-00000000000a',
      3,
      'text',
      'Comores',
      '<p>Comores</p>',
      null,
      true
    ),
    (
      '30000000-0000-4000-8000-00000000000b',
      1,
      'image',
      null,
      null,
      'https://f003.backblazeb2.com/file/notyloops/cote-d-ivoire.webp',
      false
    ),
    (
      '30000000-0000-4000-8000-00000000000b',
      2,
      'text',
      'A quel pays appartient le drapeau ci-dessus ?',
      '<p>A quel pays appartient le drapeau ci-dessus ?</p>',
      null,
      false
    ),
    (
      '30000000-0000-4000-8000-00000000000b',
      3,
      'text',
      'Côte d''Ivoire',
      '<p>Côte d''Ivoire</p>',
      null,
      true
    ),
    (
      '30000000-0000-4000-8000-00000000000c',
      1,
      'image',
      null,
      null,
      'https://f003.backblazeb2.com/file/notyloops/djibouti.webp',
      false
    ),
    (
      '30000000-0000-4000-8000-00000000000c',
      2,
      'text',
      'A quel pays appartient le drapeau ci-dessus ?',
      '<p>A quel pays appartient le drapeau ci-dessus ?</p>',
      null,
      false
    ),
    (
      '30000000-0000-4000-8000-00000000000c',
      3,
      'text',
      'Djibouti',
      '<p>Djibouti</p>',
      null,
      true
    ),
    (
      '30000000-0000-4000-8000-00000000000d',
      1,
      'image',
      null,
      null,
      'https://f003.backblazeb2.com/file/notyloops/egypte.webp',
      false
    ),
    (
      '30000000-0000-4000-8000-00000000000d',
      2,
      'text',
      'A quel pays appartient le drapeau ci-dessus ?',
      '<p>A quel pays appartient le drapeau ci-dessus ?</p>',
      null,
      false
    ),
    (
      '30000000-0000-4000-8000-00000000000d',
      3,
      'text',
      'Égypte',
      '<p>Égypte</p>',
      null,
      true
    ),
    (
      '30000000-0000-4000-8000-00000000000e',
      1,
      'image',
      null,
      null,
      'https://f003.backblazeb2.com/file/notyloops/erythree.webp',
      false
    ),
    (
      '30000000-0000-4000-8000-00000000000e',
      2,
      'text',
      'A quel pays appartient le drapeau ci-dessus ?',
      '<p>A quel pays appartient le drapeau ci-dessus ?</p>',
      null,
      false
    ),
    (
      '30000000-0000-4000-8000-00000000000e',
      3,
      'text',
      'Érythrée',
      '<p>Érythrée</p>',
      null,
      true
    ),
    (
      '30000000-0000-4000-8000-00000000000f',
      1,
      'image',
      null,
      null,
      'https://f003.backblazeb2.com/file/notyloops/eswatini.webp',
      false
    ),
    (
      '30000000-0000-4000-8000-00000000000f',
      2,
      'text',
      'A quel pays appartient le drapeau ci-dessus ?',
      '<p>A quel pays appartient le drapeau ci-dessus ?</p>',
      null,
      false
    ),
    (
      '30000000-0000-4000-8000-00000000000f',
      3,
      'text',
      'Eswatini',
      '<p>Eswatini</p>',
      null,
      true
    ),
    (
      '30000000-0000-4000-8000-000000000010',
      1,
      'image',
      null,
      null,
      'https://f003.backblazeb2.com/file/notyloops/ethiopie.webp',
      false
    ),
    (
      '30000000-0000-4000-8000-000000000010',
      2,
      'text',
      'A quel pays appartient le drapeau ci-dessus ?',
      '<p>A quel pays appartient le drapeau ci-dessus ?</p>',
      null,
      false
    ),
    (
      '30000000-0000-4000-8000-000000000010',
      3,
      'text',
      'Éthiopie',
      '<p>Éthiopie</p>',
      null,
      true
    ),
    (
      '30000000-0000-4000-8000-000000000011',
      1,
      'image',
      null,
      null,
      'https://f003.backblazeb2.com/file/notyloops/gabon.webp',
      false
    ),
    (
      '30000000-0000-4000-8000-000000000011',
      2,
      'text',
      'A quel pays appartient le drapeau ci-dessus ?',
      '<p>A quel pays appartient le drapeau ci-dessus ?</p>',
      null,
      false
    ),
    (
      '30000000-0000-4000-8000-000000000011',
      3,
      'text',
      'Gabon',
      '<p>Gabon</p>',
      null,
      true
    ),
    (
      '30000000-0000-4000-8000-000000000012',
      1,
      'image',
      null,
      null,
      'https://f003.backblazeb2.com/file/notyloops/gambie.webp',
      false
    ),
    (
      '30000000-0000-4000-8000-000000000012',
      2,
      'text',
      'A quel pays appartient le drapeau ci-dessus ?',
      '<p>A quel pays appartient le drapeau ci-dessus ?</p>',
      null,
      false
    ),
    (
      '30000000-0000-4000-8000-000000000012',
      3,
      'text',
      'Gambie',
      '<p>Gambie</p>',
      null,
      true
    ),
    (
      '30000000-0000-4000-8000-000000000013',
      1,
      'image',
      null,
      null,
      'https://f003.backblazeb2.com/file/notyloops/ghana.webp',
      false
    ),
    (
      '30000000-0000-4000-8000-000000000013',
      2,
      'text',
      'A quel pays appartient le drapeau ci-dessus ?',
      '<p>A quel pays appartient le drapeau ci-dessus ?</p>',
      null,
      false
    ),
    (
      '30000000-0000-4000-8000-000000000013',
      3,
      'text',
      'Ghana',
      '<p>Ghana</p>',
      null,
      true
    ),
    (
      '30000000-0000-4000-8000-000000000014',
      1,
      'image',
      null,
      null,
      'https://f003.backblazeb2.com/file/notyloops/guinee.webp',
      false
    ),
    (
      '30000000-0000-4000-8000-000000000014',
      2,
      'text',
      'A quel pays appartient le drapeau ci-dessus ?',
      '<p>A quel pays appartient le drapeau ci-dessus ?</p>',
      null,
      false
    ),
    (
      '30000000-0000-4000-8000-000000000014',
      3,
      'text',
      'Guinée',
      '<p>Guinée</p>',
      null,
      true
    ),
    (
      '30000000-0000-4000-8000-000000000015',
      1,
      'image',
      null,
      null,
      '',
      false
    ),
    (
      '30000000-0000-4000-8000-000000000015',
      2,
      'text',
      'A quel pays appartient le drapeau ci-dessus ?',
      '<p>A quel pays appartient le drapeau ci-dessus ?</p>',
      null,
      false
    ),
    (
      '30000000-0000-4000-8000-000000000015',
      3,
      'text',
      'Guinée équatoriale',
      '<p>Guinée équatoriale</p>',
      null,
      true
    ),
    (
      '30000000-0000-4000-8000-000000000016',
      1,
      'image',
      null,
      null,
      'https://f003.backblazeb2.com/file/notyloops/guinee-bissau.webp',
      false
    ),
    (
      '30000000-0000-4000-8000-000000000016',
      2,
      'text',
      'A quel pays appartient le drapeau ci-dessus ?',
      '<p>A quel pays appartient le drapeau ci-dessus ?</p>',
      null,
      false
    ),
    (
      '30000000-0000-4000-8000-000000000016',
      3,
      'text',
      'Guinée-Bissau',
      '<p>Guinée-Bissau</p>',
      null,
      true
    ),
    (
      '30000000-0000-4000-8000-000000000017',
      1,
      'image',
      null,
      null,
      'https://f003.backblazeb2.com/file/notyloops/kenya.webp',
      false
    ),
    (
      '30000000-0000-4000-8000-000000000017',
      2,
      'text',
      'A quel pays appartient le drapeau ci-dessus ?',
      '<p>A quel pays appartient le drapeau ci-dessus ?</p>',
      null,
      false
    ),
    (
      '30000000-0000-4000-8000-000000000017',
      3,
      'text',
      'Kenya',
      '<p>Kenya</p>',
      null,
      true
    ),
    (
      '30000000-0000-4000-8000-000000000018',
      1,
      'image',
      null,
      null,
      'https://f003.backblazeb2.com/file/notyloops/lesotho.webp',
      false
    ),
    (
      '30000000-0000-4000-8000-000000000018',
      2,
      'text',
      'A quel pays appartient le drapeau ci-dessus ?',
      '<p>A quel pays appartient le drapeau ci-dessus ?</p>',
      null,
      false
    ),
    (
      '30000000-0000-4000-8000-000000000018',
      3,
      'text',
      'Lesotho',
      '<p>Lesotho</p>',
      null,
      true
    ),
    (
      '30000000-0000-4000-8000-000000000019',
      1,
      'image',
      null,
      null,
      'https://f003.backblazeb2.com/file/notyloops/liberia.webp',
      false
    ),
    (
      '30000000-0000-4000-8000-000000000019',
      2,
      'text',
      'A quel pays appartient le drapeau ci-dessus ?',
      '<p>A quel pays appartient le drapeau ci-dessus ?</p>',
      null,
      false
    ),
    (
      '30000000-0000-4000-8000-000000000019',
      3,
      'text',
      'Liberia',
      '<p>Liberia</p>',
      null,
      true
    ),
    (
      '30000000-0000-4000-8000-00000000001a',
      1,
      'image',
      null,
      null,
      'https://f003.backblazeb2.com/file/notyloops/libye.webp',
      false
    ),
    (
      '30000000-0000-4000-8000-00000000001a',
      2,
      'text',
      'A quel pays appartient le drapeau ci-dessus ?',
      '<p>A quel pays appartient le drapeau ci-dessus ?</p>',
      null,
      false
    ),
    (
      '30000000-0000-4000-8000-00000000001a',
      3,
      'text',
      'Libye',
      '<p>Libye</p>',
      null,
      true
    ),
    (
      '30000000-0000-4000-8000-00000000001b',
      1,
      'image',
      null,
      null,
      'https://f003.backblazeb2.com/file/notyloops/madagascar.webp',
      false
    ),
    (
      '30000000-0000-4000-8000-00000000001b',
      2,
      'text',
      'A quel pays appartient le drapeau ci-dessus ?',
      '<p>A quel pays appartient le drapeau ci-dessus ?</p>',
      null,
      false
    ),
    (
      '30000000-0000-4000-8000-00000000001b',
      3,
      'text',
      'Madagascar',
      '<p>Madagascar</p>',
      null,
      true
    ),
    (
      '30000000-0000-4000-8000-00000000001c',
      1,
      'image',
      null,
      null,
      'https://f003.backblazeb2.com/file/notyloops/malawi.webp',
      false
    ),
    (
      '30000000-0000-4000-8000-00000000001c',
      2,
      'text',
      'A quel pays appartient le drapeau ci-dessus ?',
      '<p>A quel pays appartient le drapeau ci-dessus ?</p>',
      null,
      false
    ),
    (
      '30000000-0000-4000-8000-00000000001c',
      3,
      'text',
      'Malawi',
      '<p>Malawi</p>',
      null,
      true
    ),
    (
      '30000000-0000-4000-8000-00000000001d',
      1,
      'image',
      null,
      null,
      'https://f003.backblazeb2.com/file/notyloops/mali.webp',
      false
    ),
    (
      '30000000-0000-4000-8000-00000000001d',
      2,
      'text',
      'A quel pays appartient le drapeau ci-dessus ?',
      '<p>A quel pays appartient le drapeau ci-dessus ?</p>',
      null,
      false
    ),
    (
      '30000000-0000-4000-8000-00000000001d',
      3,
      'text',
      'Mali',
      '<p>Mali</p>',
      null,
      true
    ),
    (
      '30000000-0000-4000-8000-00000000001e',
      1,
      'image',
      null,
      null,
      'https://f003.backblazeb2.com/file/notyloops/maroc.webp',
      false
    ),
    (
      '30000000-0000-4000-8000-00000000001e',
      2,
      'text',
      'A quel pays appartient le drapeau ci-dessus ?',
      '<p>A quel pays appartient le drapeau ci-dessus ?</p>',
      null,
      false
    ),
    (
      '30000000-0000-4000-8000-00000000001e',
      3,
      'text',
      'Maroc',
      '<p>Maroc</p>',
      null,
      true
    ),
    (
      '30000000-0000-4000-8000-00000000001f',
      1,
      'image',
      null,
      null,
      'https://f003.backblazeb2.com/file/notyloops/maurice.webp',
      false
    ),
    (
      '30000000-0000-4000-8000-00000000001f',
      2,
      'text',
      'A quel pays appartient le drapeau ci-dessus ?',
      '<p>A quel pays appartient le drapeau ci-dessus ?</p>',
      null,
      false
    ),
    (
      '30000000-0000-4000-8000-00000000001f',
      3,
      'text',
      'Maurice',
      '<p>Maurice</p>',
      null,
      true
    ),
    (
      '30000000-0000-4000-8000-000000000020',
      1,
      'image',
      null,
      null,
      'https://f003.backblazeb2.com/file/notyloops/mauritanie.webp',
      false
    ),
    (
      '30000000-0000-4000-8000-000000000020',
      2,
      'text',
      'A quel pays appartient le drapeau ci-dessus ?',
      '<p>A quel pays appartient le drapeau ci-dessus ?</p>',
      null,
      false
    ),
    (
      '30000000-0000-4000-8000-000000000020',
      3,
      'text',
      'Mauritanie',
      '<p>Mauritanie</p>',
      null,
      true
    ),
    (
      '30000000-0000-4000-8000-000000000021',
      1,
      'image',
      null,
      null,
      'https://f003.backblazeb2.com/file/notyloops/mozambique.webp',
      false
    ),
    (
      '30000000-0000-4000-8000-000000000021',
      2,
      'text',
      'A quel pays appartient le drapeau ci-dessus ?',
      '<p>A quel pays appartient le drapeau ci-dessus ?</p>',
      null,
      false
    ),
    (
      '30000000-0000-4000-8000-000000000021',
      3,
      'text',
      'Mozambique',
      '<p>Mozambique</p>',
      null,
      true
    ),
    (
      '30000000-0000-4000-8000-000000000022',
      1,
      'image',
      null,
      null,
      'https://f003.backblazeb2.com/file/notyloops/namibie.webp',
      false
    ),
    (
      '30000000-0000-4000-8000-000000000022',
      2,
      'text',
      'A quel pays appartient le drapeau ci-dessus ?',
      '<p>A quel pays appartient le drapeau ci-dessus ?</p>',
      null,
      false
    ),
    (
      '30000000-0000-4000-8000-000000000022',
      3,
      'text',
      'Namibie',
      '<p>Namibie</p>',
      null,
      true
    ),
    (
      '30000000-0000-4000-8000-000000000023',
      1,
      'image',
      null,
      null,
      'https://f003.backblazeb2.com/file/notyloops/niger.webp',
      false
    ),
    (
      '30000000-0000-4000-8000-000000000023',
      2,
      'text',
      'A quel pays appartient le drapeau ci-dessus ?',
      '<p>A quel pays appartient le drapeau ci-dessus ?</p>',
      null,
      false
    ),
    (
      '30000000-0000-4000-8000-000000000023',
      3,
      'text',
      'Niger',
      '<p>Niger</p>',
      null,
      true
    ),
    (
      '30000000-0000-4000-8000-000000000024',
      1,
      'image',
      null,
      null,
      'https://f003.backblazeb2.com/file/notyloops/nigeria.webp',
      false
    ),
    (
      '30000000-0000-4000-8000-000000000024',
      2,
      'text',
      'A quel pays appartient le drapeau ci-dessus ?',
      '<p>A quel pays appartient le drapeau ci-dessus ?</p>',
      null,
      false
    ),
    (
      '30000000-0000-4000-8000-000000000024',
      3,
      'text',
      'Nigeria',
      '<p>Nigeria</p>',
      null,
      true
    ),
    (
      '30000000-0000-4000-8000-000000000025',
      1,
      'image',
      null,
      null,
      'https://f003.backblazeb2.com/file/notyloops/ouganda.webp',
      false
    ),
    (
      '30000000-0000-4000-8000-000000000025',
      2,
      'text',
      'A quel pays appartient le drapeau ci-dessus ?',
      '<p>A quel pays appartient le drapeau ci-dessus ?</p>',
      null,
      false
    ),
    (
      '30000000-0000-4000-8000-000000000025',
      3,
      'text',
      'Ouganda',
      '<p>Ouganda</p>',
      null,
      true
    ),
    (
      '30000000-0000-4000-8000-000000000026',
      1,
      'image',
      null,
      null,
      'https://f003.backblazeb2.com/file/notyloops/republique-centrafricaine.webp',
      false
    ),
    (
      '30000000-0000-4000-8000-000000000026',
      2,
      'text',
      'A quel pays appartient le drapeau ci-dessus ?',
      '<p>A quel pays appartient le drapeau ci-dessus ?</p>',
      null,
      false
    ),
    (
      '30000000-0000-4000-8000-000000000026',
      3,
      'text',
      'République centrafricaine',
      '<p>République centrafricaine</p>',
      null,
      true
    ),
    (
      '30000000-0000-4000-8000-000000000027',
      1,
      'image',
      null,
      null,
      'https://f003.backblazeb2.com/file/notyloops/republique-democratique-du-congo.webp',
      false
    ),
    (
      '30000000-0000-4000-8000-000000000027',
      2,
      'text',
      'A quel pays appartient le drapeau ci-dessus ?',
      '<p>A quel pays appartient le drapeau ci-dessus ?</p>',
      null,
      false
    ),
    (
      '30000000-0000-4000-8000-000000000027',
      3,
      'text',
      'République démocratique du Congo',
      '<p>République démocratique du Congo</p>',
      null,
      true
    ),
    (
      '30000000-0000-4000-8000-000000000028',
      1,
      'image',
      null,
      null,
      'https://f003.backblazeb2.com/file/notyloops/republique-du-congo.webp',
      false
    ),
    (
      '30000000-0000-4000-8000-000000000028',
      2,
      'text',
      'A quel pays appartient le drapeau ci-dessus ?',
      '<p>A quel pays appartient le drapeau ci-dessus ?</p>',
      null,
      false
    ),
    (
      '30000000-0000-4000-8000-000000000028',
      3,
      'text',
      'République du Congo',
      '<p>République du Congo</p>',
      null,
      true
    ),
    (
      '30000000-0000-4000-8000-000000000029',
      1,
      'image',
      null,
      null,
      'https://f003.backblazeb2.com/file/notyloops/rwanda.webp',
      false
    ),
    (
      '30000000-0000-4000-8000-000000000029',
      2,
      'text',
      'A quel pays appartient le drapeau ci-dessus ?',
      '<p>A quel pays appartient le drapeau ci-dessus ?</p>',
      null,
      false
    ),
    (
      '30000000-0000-4000-8000-000000000029',
      3,
      'text',
      'Rwanda',
      '<p>Rwanda</p>',
      null,
      true
    ),
    (
      '30000000-0000-4000-8000-00000000002a',
      1,
      'image',
      null,
      null,
      'https://f003.backblazeb2.com/file/notyloops/sao-tome-et-principe.webp',
      false
    ),
    (
      '30000000-0000-4000-8000-00000000002a',
      2,
      'text',
      'A quel pays appartient le drapeau ci-dessus ?',
      '<p>A quel pays appartient le drapeau ci-dessus ?</p>',
      null,
      false
    ),
    (
      '30000000-0000-4000-8000-00000000002a',
      3,
      'text',
      'Sao Tomé-et-Principe',
      '<p>Sao Tomé-et-Principe</p>',
      null,
      true
    ),
    (
      '30000000-0000-4000-8000-00000000002b',
      1,
      'image',
      null,
      null,
      'https://f003.backblazeb2.com/file/notyloops/senegal.webp',
      false
    ),
    (
      '30000000-0000-4000-8000-00000000002b',
      2,
      'text',
      'A quel pays appartient le drapeau ci-dessus ?',
      '<p>A quel pays appartient le drapeau ci-dessus ?</p>',
      null,
      false
    ),
    (
      '30000000-0000-4000-8000-00000000002b',
      3,
      'text',
      'Sénégal',
      '<p>Sénégal</p>',
      null,
      true
    ),
    (
      '30000000-0000-4000-8000-00000000002c',
      1,
      'image',
      null,
      null,
      'https://f003.backblazeb2.com/file/notyloops/seychelles.webp',
      false
    ),
    (
      '30000000-0000-4000-8000-00000000002c',
      2,
      'text',
      'A quel pays appartient le drapeau ci-dessus ?',
      '<p>A quel pays appartient le drapeau ci-dessus ?</p>',
      null,
      false
    ),
    (
      '30000000-0000-4000-8000-00000000002c',
      3,
      'text',
      'Seychelles',
      '<p>Seychelles</p>',
      null,
      true
    ),
    (
      '30000000-0000-4000-8000-00000000002d',
      1,
      'image',
      null,
      null,
      'https://f003.backblazeb2.com/file/notyloops/sierra-leone.webp',
      false
    ),
    (
      '30000000-0000-4000-8000-00000000002d',
      2,
      'text',
      'A quel pays appartient le drapeau ci-dessus ?',
      '<p>A quel pays appartient le drapeau ci-dessus ?</p>',
      null,
      false
    ),
    (
      '30000000-0000-4000-8000-00000000002d',
      3,
      'text',
      'Sierra Leone',
      '<p>Sierra Leone</p>',
      null,
      true
    ),
    (
      '30000000-0000-4000-8000-00000000002e',
      1,
      'image',
      null,
      null,
      'https://f003.backblazeb2.com/file/notyloops/somalie.webp',
      false
    ),
    (
      '30000000-0000-4000-8000-00000000002e',
      2,
      'text',
      'A quel pays appartient le drapeau ci-dessus ?',
      '<p>A quel pays appartient le drapeau ci-dessus ?</p>',
      null,
      false
    ),
    (
      '30000000-0000-4000-8000-00000000002e',
      3,
      'text',
      'Somalie',
      '<p>Somalie</p>',
      null,
      true
    ),
    (
      '30000000-0000-4000-8000-00000000002f',
      1,
      'image',
      null,
      null,
      'https://f003.backblazeb2.com/file/notyloops/soudan.webp',
      false
    ),
    (
      '30000000-0000-4000-8000-00000000002f',
      2,
      'text',
      'A quel pays appartient le drapeau ci-dessus ?',
      '<p>A quel pays appartient le drapeau ci-dessus ?</p>',
      null,
      false
    ),
    (
      '30000000-0000-4000-8000-00000000002f',
      3,
      'text',
      'Soudan',
      '<p>Soudan</p>',
      null,
      true
    ),
    (
      '30000000-0000-4000-8000-000000000030',
      1,
      'image',
      null,
      null,
      'https://f003.backblazeb2.com/file/notyloops/soudan-du-sud.webp',
      false
    ),
    (
      '30000000-0000-4000-8000-000000000030',
      2,
      'text',
      'A quel pays appartient le drapeau ci-dessus ?',
      '<p>A quel pays appartient le drapeau ci-dessus ?</p>',
      null,
      false
    ),
    (
      '30000000-0000-4000-8000-000000000030',
      3,
      'text',
      'Soudan du Sud',
      '<p>Soudan du Sud</p>',
      null,
      true
    ),
    (
      '30000000-0000-4000-8000-000000000031',
      1,
      'image',
      null,
      null,
      'https://f003.backblazeb2.com/file/notyloops/tanzanie.webp',
      false
    ),
    (
      '30000000-0000-4000-8000-000000000031',
      2,
      'text',
      'A quel pays appartient le drapeau ci-dessus ?',
      '<p>A quel pays appartient le drapeau ci-dessus ?</p>',
      null,
      false
    ),
    (
      '30000000-0000-4000-8000-000000000031',
      3,
      'text',
      'Tanzanie',
      '<p>Tanzanie</p>',
      null,
      true
    ),
    (
      '30000000-0000-4000-8000-000000000032',
      1,
      'image',
      null,
      null,
      'https://f003.backblazeb2.com/file/notyloops/tchad.webp',
      false
    ),
    (
      '30000000-0000-4000-8000-000000000032',
      2,
      'text',
      'A quel pays appartient le drapeau ci-dessus ?',
      '<p>A quel pays appartient le drapeau ci-dessus ?</p>',
      null,
      false
    ),
    (
      '30000000-0000-4000-8000-000000000032',
      3,
      'text',
      'Tchad',
      '<p>Tchad</p>',
      null,
      true
    ),
    (
      '30000000-0000-4000-8000-000000000033',
      1,
      'image',
      null,
      null,
      'https://f003.backblazeb2.com/file/notyloops/togo.webp',
      false
    ),
    (
      '30000000-0000-4000-8000-000000000033',
      2,
      'text',
      'A quel pays appartient le drapeau ci-dessus ?',
      '<p>A quel pays appartient le drapeau ci-dessus ?</p>',
      null,
      false
    ),
    (
      '30000000-0000-4000-8000-000000000033',
      3,
      'text',
      'Togo',
      '<p>Togo</p>',
      null,
      true
    ),
    (
      '30000000-0000-4000-8000-000000000034',
      1,
      'image',
      null,
      null,
      'https://f003.backblazeb2.com/file/notyloops/tunisie.webp',
      false
    ),
    (
      '30000000-0000-4000-8000-000000000034',
      2,
      'text',
      'A quel pays appartient le drapeau ci-dessus ?',
      '<p>A quel pays appartient le drapeau ci-dessus ?</p>',
      null,
      false
    ),
    (
      '30000000-0000-4000-8000-000000000034',
      3,
      'text',
      'Tunisie',
      '<p>Tunisie</p>',
      null,
      true
    ),
    (
      '30000000-0000-4000-8000-000000000035',
      1,
      'image',
      null,
      null,
      'https://f003.backblazeb2.com/file/notyloops/zambie.webp',
      false
    ),
    (
      '30000000-0000-4000-8000-000000000035',
      2,
      'text',
      'A quel pays appartient le drapeau ci-dessus ?',
      '<p>A quel pays appartient le drapeau ci-dessus ?</p>',
      null,
      false
    ),
    (
      '30000000-0000-4000-8000-000000000035',
      3,
      'text',
      'Zambie',
      '<p>Zambie</p>',
      null,
      true
    ),
    (
      '30000000-0000-4000-8000-000000000036',
      1,
      'image',
      null,
      null,
      'https://f003.backblazeb2.com/file/notyloops/zimbabwe.webp',
      false
    ),
    (
      '30000000-0000-4000-8000-000000000036',
      2,
      'text',
      'A quel pays appartient le drapeau ci-dessus ?',
      '<p>A quel pays appartient le drapeau ci-dessus ?</p>',
      null,
      false
    ),
    (
      '30000000-0000-4000-8000-000000000036',
      3,
      'text',
      'Zimbabwe',
      '<p>Zimbabwe</p>',
      null,
      true
    ),
    (
      '30000000-0000-4000-8000-000000000037',
      1,
      'image',
      null,
      null,
      'https://f003.backblazeb2.com/file/notyloops/antigua-et-barbuda.webp',
      false
    ),
    (
      '30000000-0000-4000-8000-000000000037',
      2,
      'text',
      'A quel pays appartient le drapeau ci-dessus ?',
      '<p>A quel pays appartient le drapeau ci-dessus ?</p>',
      null,
      false
    ),
    (
      '30000000-0000-4000-8000-000000000037',
      3,
      'text',
      'Antigua-et-Barbuda',
      '<p>Antigua-et-Barbuda</p>',
      null,
      true
    ),
    (
      '30000000-0000-4000-8000-000000000038',
      1,
      'image',
      null,
      null,
      'https://f003.backblazeb2.com/file/notyloops/bahamas.webp',
      false
    ),
    (
      '30000000-0000-4000-8000-000000000038',
      2,
      'text',
      'A quel pays appartient le drapeau ci-dessus ?',
      '<p>A quel pays appartient le drapeau ci-dessus ?</p>',
      null,
      false
    ),
    (
      '30000000-0000-4000-8000-000000000038',
      3,
      'text',
      'Bahamas',
      '<p>Bahamas</p>',
      null,
      true
    ),
    (
      '30000000-0000-4000-8000-000000000039',
      1,
      'image',
      null,
      null,
      'https://f003.backblazeb2.com/file/notyloops/barbade.webp',
      false
    ),
    (
      '30000000-0000-4000-8000-000000000039',
      2,
      'text',
      'A quel pays appartient le drapeau ci-dessus ?',
      '<p>A quel pays appartient le drapeau ci-dessus ?</p>',
      null,
      false
    ),
    (
      '30000000-0000-4000-8000-000000000039',
      3,
      'text',
      'Barbade',
      '<p>Barbade</p>',
      null,
      true
    ),
    (
      '30000000-0000-4000-8000-00000000003a',
      1,
      'image',
      null,
      null,
      'https://f003.backblazeb2.com/file/notyloops/belize.webp',
      false
    ),
    (
      '30000000-0000-4000-8000-00000000003a',
      2,
      'text',
      'A quel pays appartient le drapeau ci-dessus ?',
      '<p>A quel pays appartient le drapeau ci-dessus ?</p>',
      null,
      false
    ),
    (
      '30000000-0000-4000-8000-00000000003a',
      3,
      'text',
      'Belize',
      '<p>Belize</p>',
      null,
      true
    ),
    (
      '30000000-0000-4000-8000-00000000003b',
      1,
      'image',
      null,
      null,
      'https://f003.backblazeb2.com/file/notyloops/canada.webp',
      false
    ),
    (
      '30000000-0000-4000-8000-00000000003b',
      2,
      'text',
      'A quel pays appartient le drapeau ci-dessus ?',
      '<p>A quel pays appartient le drapeau ci-dessus ?</p>',
      null,
      false
    ),
    (
      '30000000-0000-4000-8000-00000000003b',
      3,
      'text',
      'Canada',
      '<p>Canada</p>',
      null,
      true
    ),
    (
      '30000000-0000-4000-8000-00000000003c',
      1,
      'image',
      null,
      null,
      'https://f003.backblazeb2.com/file/notyloops/costa-rica.webp',
      false
    ),
    (
      '30000000-0000-4000-8000-00000000003c',
      2,
      'text',
      'A quel pays appartient le drapeau ci-dessus ?',
      '<p>A quel pays appartient le drapeau ci-dessus ?</p>',
      null,
      false
    ),
    (
      '30000000-0000-4000-8000-00000000003c',
      3,
      'text',
      'Costa Rica',
      '<p>Costa Rica</p>',
      null,
      true
    ),
    (
      '30000000-0000-4000-8000-00000000003d',
      1,
      'image',
      null,
      null,
      'https://f003.backblazeb2.com/file/notyloops/cuba.webp',
      false
    ),
    (
      '30000000-0000-4000-8000-00000000003d',
      2,
      'text',
      'A quel pays appartient le drapeau ci-dessus ?',
      '<p>A quel pays appartient le drapeau ci-dessus ?</p>',
      null,
      false
    ),
    (
      '30000000-0000-4000-8000-00000000003d',
      3,
      'text',
      'Cuba',
      '<p>Cuba</p>',
      null,
      true
    ),
    (
      '30000000-0000-4000-8000-00000000003e',
      1,
      'image',
      null,
      null,
      'https://f003.backblazeb2.com/file/notyloops/dominique.webp',
      false
    ),
    (
      '30000000-0000-4000-8000-00000000003e',
      2,
      'text',
      'A quel pays appartient le drapeau ci-dessus ?',
      '<p>A quel pays appartient le drapeau ci-dessus ?</p>',
      null,
      false
    ),
    (
      '30000000-0000-4000-8000-00000000003e',
      3,
      'text',
      'Dominique',
      '<p>Dominique</p>',
      null,
      true
    ),
    (
      '30000000-0000-4000-8000-00000000003f',
      1,
      'image',
      null,
      null,
      'https://f003.backblazeb2.com/file/notyloops/etats-unis.webp',
      false
    ),
    (
      '30000000-0000-4000-8000-00000000003f',
      2,
      'text',
      'A quel pays appartient le drapeau ci-dessus ?',
      '<p>A quel pays appartient le drapeau ci-dessus ?</p>',
      null,
      false
    ),
    (
      '30000000-0000-4000-8000-00000000003f',
      3,
      'text',
      'États-Unis',
      '<p>États-Unis</p>',
      null,
      true
    ),
    (
      '30000000-0000-4000-8000-000000000040',
      1,
      'image',
      null,
      null,
      'https://f003.backblazeb2.com/file/notyloops/grenade.webp',
      false
    ),
    (
      '30000000-0000-4000-8000-000000000040',
      2,
      'text',
      'A quel pays appartient le drapeau ci-dessus ?',
      '<p>A quel pays appartient le drapeau ci-dessus ?</p>',
      null,
      false
    ),
    (
      '30000000-0000-4000-8000-000000000040',
      3,
      'text',
      'Grenade',
      '<p>Grenade</p>',
      null,
      true
    ),
    (
      '30000000-0000-4000-8000-000000000041',
      1,
      'image',
      null,
      null,
      'https://f003.backblazeb2.com/file/notyloops/guatemala.webp',
      false
    ),
    (
      '30000000-0000-4000-8000-000000000041',
      2,
      'text',
      'A quel pays appartient le drapeau ci-dessus ?',
      '<p>A quel pays appartient le drapeau ci-dessus ?</p>',
      null,
      false
    ),
    (
      '30000000-0000-4000-8000-000000000041',
      3,
      'text',
      'Guatemala',
      '<p>Guatemala</p>',
      null,
      true
    ),
    (
      '30000000-0000-4000-8000-000000000042',
      1,
      'image',
      null,
      null,
      'https://f003.backblazeb2.com/file/notyloops/haiti.webp',
      false
    ),
    (
      '30000000-0000-4000-8000-000000000042',
      2,
      'text',
      'A quel pays appartient le drapeau ci-dessus ?',
      '<p>A quel pays appartient le drapeau ci-dessus ?</p>',
      null,
      false
    ),
    (
      '30000000-0000-4000-8000-000000000042',
      3,
      'text',
      'Haïti',
      '<p>Haïti</p>',
      null,
      true
    ),
    (
      '30000000-0000-4000-8000-000000000043',
      1,
      'image',
      null,
      null,
      'https://f003.backblazeb2.com/file/notyloops/honduras.webp',
      false
    ),
    (
      '30000000-0000-4000-8000-000000000043',
      2,
      'text',
      'A quel pays appartient le drapeau ci-dessus ?',
      '<p>A quel pays appartient le drapeau ci-dessus ?</p>',
      null,
      false
    ),
    (
      '30000000-0000-4000-8000-000000000043',
      3,
      'text',
      'Honduras',
      '<p>Honduras</p>',
      null,
      true
    ),
    (
      '30000000-0000-4000-8000-000000000044',
      1,
      'image',
      null,
      null,
      'https://f003.backblazeb2.com/file/notyloops/jamaique.webp',
      false
    ),
    (
      '30000000-0000-4000-8000-000000000044',
      2,
      'text',
      'A quel pays appartient le drapeau ci-dessus ?',
      '<p>A quel pays appartient le drapeau ci-dessus ?</p>',
      null,
      false
    ),
    (
      '30000000-0000-4000-8000-000000000044',
      3,
      'text',
      'Jamaïque',
      '<p>Jamaïque</p>',
      null,
      true
    ),
    (
      '30000000-0000-4000-8000-000000000045',
      1,
      'image',
      null,
      null,
      'https://f003.backblazeb2.com/file/notyloops/mexique.webp',
      false
    ),
    (
      '30000000-0000-4000-8000-000000000045',
      2,
      'text',
      'A quel pays appartient le drapeau ci-dessus ?',
      '<p>A quel pays appartient le drapeau ci-dessus ?</p>',
      null,
      false
    ),
    (
      '30000000-0000-4000-8000-000000000045',
      3,
      'text',
      'Mexique',
      '<p>Mexique</p>',
      null,
      true
    ),
    (
      '30000000-0000-4000-8000-000000000046',
      1,
      'image',
      null,
      null,
      'https://f003.backblazeb2.com/file/notyloops/nicaragua.webp',
      false
    ),
    (
      '30000000-0000-4000-8000-000000000046',
      2,
      'text',
      'A quel pays appartient le drapeau ci-dessus ?',
      '<p>A quel pays appartient le drapeau ci-dessus ?</p>',
      null,
      false
    ),
    (
      '30000000-0000-4000-8000-000000000046',
      3,
      'text',
      'Nicaragua',
      '<p>Nicaragua</p>',
      null,
      true
    ),
    (
      '30000000-0000-4000-8000-000000000047',
      1,
      'image',
      null,
      null,
      'https://f003.backblazeb2.com/file/notyloops/panama.webp',
      false
    ),
    (
      '30000000-0000-4000-8000-000000000047',
      2,
      'text',
      'A quel pays appartient le drapeau ci-dessus ?',
      '<p>A quel pays appartient le drapeau ci-dessus ?</p>',
      null,
      false
    ),
    (
      '30000000-0000-4000-8000-000000000047',
      3,
      'text',
      'Panama',
      '<p>Panama</p>',
      null,
      true
    ),
    (
      '30000000-0000-4000-8000-000000000048',
      1,
      'image',
      null,
      null,
      'https://f003.backblazeb2.com/file/notyloops/republique-dominicaine.webp',
      false
    ),
    (
      '30000000-0000-4000-8000-000000000048',
      2,
      'text',
      'A quel pays appartient le drapeau ci-dessus ?',
      '<p>A quel pays appartient le drapeau ci-dessus ?</p>',
      null,
      false
    ),
    (
      '30000000-0000-4000-8000-000000000048',
      3,
      'text',
      'République dominicaine',
      '<p>République dominicaine</p>',
      null,
      true
    ),
    (
      '30000000-0000-4000-8000-000000000049',
      1,
      'image',
      null,
      null,
      'https://f003.backblazeb2.com/file/notyloops/Saint-kitts-et-nevis.webp',
      false
    ),
    (
      '30000000-0000-4000-8000-000000000049',
      2,
      'text',
      'A quel pays appartient le drapeau ci-dessus ?',
      '<p>A quel pays appartient le drapeau ci-dessus ?</p>',
      null,
      false
    ),
    (
      '30000000-0000-4000-8000-000000000049',
      3,
      'text',
      'Saint-Kitts-et-Nevis, Saint-Christophe-et-Niévès, ou Saint-Christophe-et-Nevis',
      '<p>Saint-Kitts-et-Nevis, Saint-Christophe-et-Niévès, ou Saint-Christophe-et-Nevis</p>',
      null,
      true
    ),
    (
      '30000000-0000-4000-8000-00000000004a',
      1,
      'image',
      null,
      null,
      'https://f003.backblazeb2.com/file/notyloops/saint-vincent-et-les-grenadines.webp',
      false
    ),
    (
      '30000000-0000-4000-8000-00000000004a',
      2,
      'text',
      'A quel pays appartient le drapeau ci-dessus ?',
      '<p>A quel pays appartient le drapeau ci-dessus ?</p>',
      null,
      false
    ),
    (
      '30000000-0000-4000-8000-00000000004a',
      3,
      'text',
      'Saint-Vincent-et-les-Grenadines',
      '<p>Saint-Vincent-et-les-Grenadines</p>',
      null,
      true
    ),
    (
      '30000000-0000-4000-8000-00000000004b',
      1,
      'image',
      null,
      null,
      'https://f003.backblazeb2.com/file/notyloops/sainte-lucie.webp',
      false
    ),
    (
      '30000000-0000-4000-8000-00000000004b',
      2,
      'text',
      'A quel pays appartient le drapeau ci-dessus ?',
      '<p>A quel pays appartient le drapeau ci-dessus ?</p>',
      null,
      false
    ),
    (
      '30000000-0000-4000-8000-00000000004b',
      3,
      'text',
      'Sainte-Lucie',
      '<p>Sainte-Lucie</p>',
      null,
      true
    ),
    (
      '30000000-0000-4000-8000-00000000004c',
      1,
      'image',
      null,
      null,
      'https://f003.backblazeb2.com/file/notyloops/salvador.webp',
      false
    ),
    (
      '30000000-0000-4000-8000-00000000004c',
      2,
      'text',
      'A quel pays appartient le drapeau ci-dessus ?',
      '<p>A quel pays appartient le drapeau ci-dessus ?</p>',
      null,
      false
    ),
    (
      '30000000-0000-4000-8000-00000000004c',
      3,
      'text',
      'Salvador',
      '<p>Salvador</p>',
      null,
      true
    ),
    (
      '30000000-0000-4000-8000-00000000004d',
      1,
      'image',
      null,
      null,
      'https://f003.backblazeb2.com/file/notyloops/trinite-et-tobago.webp',
      false
    ),
    (
      '30000000-0000-4000-8000-00000000004d',
      2,
      'text',
      'A quel pays appartient le drapeau ci-dessus ?',
      '<p>A quel pays appartient le drapeau ci-dessus ?</p>',
      null,
      false
    ),
    (
      '30000000-0000-4000-8000-00000000004d',
      3,
      'text',
      'Trinité-et-Tobago',
      '<p>Trinité-et-Tobago</p>',
      null,
      true
    ),
    (
      '30000000-0000-4000-8000-00000000004e',
      1,
      'image',
      null,
      null,
      'https://f003.backblazeb2.com/file/notyloops/argentine.webp',
      false
    ),
    (
      '30000000-0000-4000-8000-00000000004e',
      2,
      'text',
      'A quel pays appartient le drapeau ci-dessus ?',
      '<p>A quel pays appartient le drapeau ci-dessus ?</p>',
      null,
      false
    ),
    (
      '30000000-0000-4000-8000-00000000004e',
      3,
      'text',
      'Argentine',
      '<p>Argentine</p>',
      null,
      true
    ),
    (
      '30000000-0000-4000-8000-00000000004f',
      1,
      'image',
      null,
      null,
      'https://f003.backblazeb2.com/file/notyloops/bolivie.webp',
      false
    ),
    (
      '30000000-0000-4000-8000-00000000004f',
      2,
      'text',
      'A quel pays appartient le drapeau ci-dessus ?',
      '<p>A quel pays appartient le drapeau ci-dessus ?</p>',
      null,
      false
    ),
    (
      '30000000-0000-4000-8000-00000000004f',
      3,
      'text',
      'Bolivie',
      '<p>Bolivie</p>',
      null,
      true
    ),
    (
      '30000000-0000-4000-8000-000000000050',
      1,
      'image',
      null,
      null,
      'https://f003.backblazeb2.com/file/notyloops/bresil.webp',
      false
    ),
    (
      '30000000-0000-4000-8000-000000000050',
      2,
      'text',
      'A quel pays appartient le drapeau ci-dessus ?',
      '<p>A quel pays appartient le drapeau ci-dessus ?</p>',
      null,
      false
    ),
    (
      '30000000-0000-4000-8000-000000000050',
      3,
      'text',
      'Brésil',
      '<p>Brésil</p>',
      null,
      true
    ),
    (
      '30000000-0000-4000-8000-000000000051',
      1,
      'image',
      null,
      null,
      'https://f003.backblazeb2.com/file/notyloops/chili.webp',
      false
    ),
    (
      '30000000-0000-4000-8000-000000000051',
      2,
      'text',
      'A quel pays appartient le drapeau ci-dessus ?',
      '<p>A quel pays appartient le drapeau ci-dessus ?</p>',
      null,
      false
    ),
    (
      '30000000-0000-4000-8000-000000000051',
      3,
      'text',
      'Chili',
      '<p>Chili</p>',
      null,
      true
    ),
    (
      '30000000-0000-4000-8000-000000000052',
      1,
      'image',
      null,
      null,
      'https://f003.backblazeb2.com/file/notyloops/colombie.webp',
      false
    ),
    (
      '30000000-0000-4000-8000-000000000052',
      2,
      'text',
      'A quel pays appartient le drapeau ci-dessus ?',
      '<p>A quel pays appartient le drapeau ci-dessus ?</p>',
      null,
      false
    ),
    (
      '30000000-0000-4000-8000-000000000052',
      3,
      'text',
      'Colombie',
      '<p>Colombie</p>',
      null,
      true
    ),
    (
      '30000000-0000-4000-8000-000000000053',
      1,
      'image',
      null,
      null,
      'https://f003.backblazeb2.com/file/notyloops/equateur.webp',
      false
    ),
    (
      '30000000-0000-4000-8000-000000000053',
      2,
      'text',
      'A quel pays appartient le drapeau ci-dessus ?',
      '<p>A quel pays appartient le drapeau ci-dessus ?</p>',
      null,
      false
    ),
    (
      '30000000-0000-4000-8000-000000000053',
      3,
      'text',
      'Équateur',
      '<p>Équateur</p>',
      null,
      true
    ),
    (
      '30000000-0000-4000-8000-000000000054',
      1,
      'image',
      null,
      null,
      'https://f003.backblazeb2.com/file/notyloops/guyana.webp',
      false
    ),
    (
      '30000000-0000-4000-8000-000000000054',
      2,
      'text',
      'A quel pays appartient le drapeau ci-dessus ?',
      '<p>A quel pays appartient le drapeau ci-dessus ?</p>',
      null,
      false
    ),
    (
      '30000000-0000-4000-8000-000000000054',
      3,
      'text',
      'Guyana',
      '<p>Guyana</p>',
      null,
      true
    ),
    (
      '30000000-0000-4000-8000-000000000055',
      1,
      'image',
      null,
      null,
      'https://f003.backblazeb2.com/file/notyloops/paraguay.webp',
      false
    ),
    (
      '30000000-0000-4000-8000-000000000055',
      2,
      'text',
      'A quel pays appartient le drapeau ci-dessus ?',
      '<p>A quel pays appartient le drapeau ci-dessus ?</p>',
      null,
      false
    ),
    (
      '30000000-0000-4000-8000-000000000055',
      3,
      'text',
      'Paraguay',
      '<p>Paraguay</p>',
      null,
      true
    ),
    (
      '30000000-0000-4000-8000-000000000056',
      1,
      'image',
      null,
      null,
      'https://f003.backblazeb2.com/file/notyloops/perou.webp',
      false
    ),
    (
      '30000000-0000-4000-8000-000000000056',
      2,
      'text',
      'A quel pays appartient le drapeau ci-dessus ?',
      '<p>A quel pays appartient le drapeau ci-dessus ?</p>',
      null,
      false
    ),
    (
      '30000000-0000-4000-8000-000000000056',
      3,
      'text',
      'Pérou',
      '<p>Pérou</p>',
      null,
      true
    ),
    (
      '30000000-0000-4000-8000-000000000057',
      1,
      'image',
      null,
      null,
      'https://f003.backblazeb2.com/file/notyloops/suriname.webp',
      false
    ),
    (
      '30000000-0000-4000-8000-000000000057',
      2,
      'text',
      'A quel pays appartient le drapeau ci-dessus ?',
      '<p>A quel pays appartient le drapeau ci-dessus ?</p>',
      null,
      false
    ),
    (
      '30000000-0000-4000-8000-000000000057',
      3,
      'text',
      'Suriname',
      '<p>Suriname</p>',
      null,
      true
    ),
    (
      '30000000-0000-4000-8000-000000000058',
      1,
      'image',
      null,
      null,
      'https://f003.backblazeb2.com/file/notyloops/uruguay.webp',
      false
    ),
    (
      '30000000-0000-4000-8000-000000000058',
      2,
      'text',
      'A quel pays appartient le drapeau ci-dessus ?',
      '<p>A quel pays appartient le drapeau ci-dessus ?</p>',
      null,
      false
    ),
    (
      '30000000-0000-4000-8000-000000000058',
      3,
      'text',
      'Uruguay',
      '<p>Uruguay</p>',
      null,
      true
    ),
    (
      '30000000-0000-4000-8000-000000000059',
      1,
      'image',
      null,
      null,
      'https://f003.backblazeb2.com/file/notyloops/venezuela.webp',
      false
    ),
    (
      '30000000-0000-4000-8000-000000000059',
      2,
      'text',
      'A quel pays appartient le drapeau ci-dessus ?',
      '<p>A quel pays appartient le drapeau ci-dessus ?</p>',
      null,
      false
    ),
    (
      '30000000-0000-4000-8000-000000000059',
      3,
      'text',
      'Venezuela',
      '<p>Venezuela</p>',
      null,
      true
    ),
    (
      '30000000-0000-4000-8000-00000000005a',
      1,
      'image',
      null,
      null,
      'https://f003.backblazeb2.com/file/notyloops/afghanistan.webp',
      false
    ),
    (
      '30000000-0000-4000-8000-00000000005a',
      2,
      'text',
      'A quel pays appartient le drapeau ci-dessus ?',
      '<p>A quel pays appartient le drapeau ci-dessus ?</p>',
      null,
      false
    ),
    (
      '30000000-0000-4000-8000-00000000005a',
      3,
      'text',
      'Afghanistan',
      '<p>Afghanistan</p>',
      null,
      true
    ),
    (
      '30000000-0000-4000-8000-00000000005b',
      1,
      'image',
      null,
      null,
      'https://f003.backblazeb2.com/file/notyloops/arabie-saoudite.webp',
      false
    ),
    (
      '30000000-0000-4000-8000-00000000005b',
      2,
      'text',
      'A quel pays appartient le drapeau ci-dessus ?',
      '<p>A quel pays appartient le drapeau ci-dessus ?</p>',
      null,
      false
    ),
    (
      '30000000-0000-4000-8000-00000000005b',
      3,
      'text',
      'Arabie saoudite',
      '<p>Arabie saoudite</p>',
      null,
      true
    ),
    (
      '30000000-0000-4000-8000-00000000005c',
      1,
      'image',
      null,
      null,
      'https://f003.backblazeb2.com/file/notyloops/armenie.webp',
      false
    ),
    (
      '30000000-0000-4000-8000-00000000005c',
      2,
      'text',
      'A quel pays appartient le drapeau ci-dessus ?',
      '<p>A quel pays appartient le drapeau ci-dessus ?</p>',
      null,
      false
    ),
    (
      '30000000-0000-4000-8000-00000000005c',
      3,
      'text',
      'Arménie',
      '<p>Arménie</p>',
      null,
      true
    ),
    (
      '30000000-0000-4000-8000-00000000005d',
      1,
      'image',
      null,
      null,
      'https://f003.backblazeb2.com/file/notyloops/azerbaidjan.webp',
      false
    ),
    (
      '30000000-0000-4000-8000-00000000005d',
      2,
      'text',
      'A quel pays appartient le drapeau ci-dessus ?',
      '<p>A quel pays appartient le drapeau ci-dessus ?</p>',
      null,
      false
    ),
    (
      '30000000-0000-4000-8000-00000000005d',
      3,
      'text',
      'Azerbaïdjan',
      '<p>Azerbaïdjan</p>',
      null,
      true
    ),
    (
      '30000000-0000-4000-8000-00000000005e',
      1,
      'image',
      null,
      null,
      'https://f003.backblazeb2.com/file/notyloops/bahrein.webp',
      false
    ),
    (
      '30000000-0000-4000-8000-00000000005e',
      2,
      'text',
      'A quel pays appartient le drapeau ci-dessus ?',
      '<p>A quel pays appartient le drapeau ci-dessus ?</p>',
      null,
      false
    ),
    (
      '30000000-0000-4000-8000-00000000005e',
      3,
      'text',
      'Bahreïn',
      '<p>Bahreïn</p>',
      null,
      true
    ),
    (
      '30000000-0000-4000-8000-00000000005f',
      1,
      'image',
      null,
      null,
      'https://f003.backblazeb2.com/file/notyloops/bangladesh.webp',
      false
    ),
    (
      '30000000-0000-4000-8000-00000000005f',
      2,
      'text',
      'A quel pays appartient le drapeau ci-dessus ?',
      '<p>A quel pays appartient le drapeau ci-dessus ?</p>',
      null,
      false
    ),
    (
      '30000000-0000-4000-8000-00000000005f',
      3,
      'text',
      'Bangladesh',
      '<p>Bangladesh</p>',
      null,
      true
    ),
    (
      '30000000-0000-4000-8000-000000000060',
      1,
      'image',
      null,
      null,
      'https://f003.backblazeb2.com/file/notyloops/bhoutan.webp',
      false
    ),
    (
      '30000000-0000-4000-8000-000000000060',
      2,
      'text',
      'A quel pays appartient le drapeau ci-dessus ?',
      '<p>A quel pays appartient le drapeau ci-dessus ?</p>',
      null,
      false
    ),
    (
      '30000000-0000-4000-8000-000000000060',
      3,
      'text',
      'Bhoutan',
      '<p>Bhoutan</p>',
      null,
      true
    ),
    (
      '30000000-0000-4000-8000-000000000061',
      1,
      'image',
      null,
      null,
      'https://f003.backblazeb2.com/file/notyloops/birmanie.webp',
      false
    ),
    (
      '30000000-0000-4000-8000-000000000061',
      2,
      'text',
      'A quel pays appartient le drapeau ci-dessus ?',
      '<p>A quel pays appartient le drapeau ci-dessus ?</p>',
      null,
      false
    ),
    (
      '30000000-0000-4000-8000-000000000061',
      3,
      'text',
      'Birmanie',
      '<p>Birmanie</p>',
      null,
      true
    ),
    (
      '30000000-0000-4000-8000-000000000062',
      1,
      'image',
      null,
      null,
      'https://f003.backblazeb2.com/file/notyloops/brunei.webp',
      false
    ),
    (
      '30000000-0000-4000-8000-000000000062',
      2,
      'text',
      'A quel pays appartient le drapeau ci-dessus ?',
      '<p>A quel pays appartient le drapeau ci-dessus ?</p>',
      null,
      false
    ),
    (
      '30000000-0000-4000-8000-000000000062',
      3,
      'text',
      'Brunei',
      '<p>Brunei</p>',
      null,
      true
    ),
    (
      '30000000-0000-4000-8000-000000000063',
      1,
      'image',
      null,
      null,
      'https://f003.backblazeb2.com/file/notyloops/cambodge.webp',
      false
    ),
    (
      '30000000-0000-4000-8000-000000000063',
      2,
      'text',
      'A quel pays appartient le drapeau ci-dessus ?',
      '<p>A quel pays appartient le drapeau ci-dessus ?</p>',
      null,
      false
    ),
    (
      '30000000-0000-4000-8000-000000000063',
      3,
      'text',
      'Cambodge',
      '<p>Cambodge</p>',
      null,
      true
    ),
    (
      '30000000-0000-4000-8000-000000000064',
      1,
      'image',
      null,
      null,
      'https://f003.backblazeb2.com/file/notyloops/chine.webp',
      false
    ),
    (
      '30000000-0000-4000-8000-000000000064',
      2,
      'text',
      'A quel pays appartient le drapeau ci-dessus ?',
      '<p>A quel pays appartient le drapeau ci-dessus ?</p>',
      null,
      false
    ),
    (
      '30000000-0000-4000-8000-000000000064',
      3,
      'text',
      'Chine',
      '<p>Chine</p>',
      null,
      true
    ),
    (
      '30000000-0000-4000-8000-000000000065',
      1,
      'image',
      null,
      null,
      'https://f003.backblazeb2.com/file/notyloops/coree-du-nord.webp',
      false
    ),
    (
      '30000000-0000-4000-8000-000000000065',
      2,
      'text',
      'A quel pays appartient le drapeau ci-dessus ?',
      '<p>A quel pays appartient le drapeau ci-dessus ?</p>',
      null,
      false
    ),
    (
      '30000000-0000-4000-8000-000000000065',
      3,
      'text',
      'Corée du Nord',
      '<p>Corée du Nord</p>',
      null,
      true
    ),
    (
      '30000000-0000-4000-8000-000000000066',
      1,
      'image',
      null,
      null,
      'https://f003.backblazeb2.com/file/notyloops/coree-du-sud.webp',
      false
    ),
    (
      '30000000-0000-4000-8000-000000000066',
      2,
      'text',
      'A quel pays appartient le drapeau ci-dessus ?',
      '<p>A quel pays appartient le drapeau ci-dessus ?</p>',
      null,
      false
    ),
    (
      '30000000-0000-4000-8000-000000000066',
      3,
      'text',
      'Corée du Sud',
      '<p>Corée du Sud</p>',
      null,
      true
    ),
    (
      '30000000-0000-4000-8000-000000000067',
      1,
      'image',
      null,
      null,
      'https://f003.backblazeb2.com/file/notyloops/emirats-arabes-unis.webp',
      false
    ),
    (
      '30000000-0000-4000-8000-000000000067',
      2,
      'text',
      'A quel pays appartient le drapeau ci-dessus ?',
      '<p>A quel pays appartient le drapeau ci-dessus ?</p>',
      null,
      false
    ),
    (
      '30000000-0000-4000-8000-000000000067',
      3,
      'text',
      'Émirats arabes unis',
      '<p>Émirats arabes unis</p>',
      null,
      true
    ),
    (
      '30000000-0000-4000-8000-000000000068',
      1,
      'image',
      null,
      null,
      'https://f003.backblazeb2.com/file/notyloops/georgie.webp',
      false
    ),
    (
      '30000000-0000-4000-8000-000000000068',
      2,
      'text',
      'A quel pays appartient le drapeau ci-dessus ?',
      '<p>A quel pays appartient le drapeau ci-dessus ?</p>',
      null,
      false
    ),
    (
      '30000000-0000-4000-8000-000000000068',
      3,
      'text',
      'Géorgie',
      '<p>Géorgie</p>',
      null,
      true
    ),
    (
      '30000000-0000-4000-8000-000000000069',
      1,
      'image',
      null,
      null,
      'https://f003.backblazeb2.com/file/notyloops/inde.webp',
      false
    ),
    (
      '30000000-0000-4000-8000-000000000069',
      2,
      'text',
      'A quel pays appartient le drapeau ci-dessus ?',
      '<p>A quel pays appartient le drapeau ci-dessus ?</p>',
      null,
      false
    ),
    (
      '30000000-0000-4000-8000-000000000069',
      3,
      'text',
      'Inde',
      '<p>Inde</p>',
      null,
      true
    ),
    (
      '30000000-0000-4000-8000-00000000006a',
      1,
      'image',
      null,
      null,
      'https://f003.backblazeb2.com/file/notyloops/indonesie.webp',
      false
    ),
    (
      '30000000-0000-4000-8000-00000000006a',
      2,
      'text',
      'A quel pays appartient le drapeau ci-dessus ?',
      '<p>A quel pays appartient le drapeau ci-dessus ?</p>',
      null,
      false
    ),
    (
      '30000000-0000-4000-8000-00000000006a',
      3,
      'text',
      'Indonésie',
      '<p>Indonésie</p>',
      null,
      true
    ),
    (
      '30000000-0000-4000-8000-00000000006b',
      1,
      'image',
      null,
      null,
      'https://f003.backblazeb2.com/file/notyloops/irak.webp',
      false
    ),
    (
      '30000000-0000-4000-8000-00000000006b',
      2,
      'text',
      'A quel pays appartient le drapeau ci-dessus ?',
      '<p>A quel pays appartient le drapeau ci-dessus ?</p>',
      null,
      false
    ),
    (
      '30000000-0000-4000-8000-00000000006b',
      3,
      'text',
      'Irak',
      '<p>Irak</p>',
      null,
      true
    ),
    (
      '30000000-0000-4000-8000-00000000006c',
      1,
      'image',
      null,
      null,
      'https://f003.backblazeb2.com/file/notyloops/iran.webp',
      false
    ),
    (
      '30000000-0000-4000-8000-00000000006c',
      2,
      'text',
      'A quel pays appartient le drapeau ci-dessus ?',
      '<p>A quel pays appartient le drapeau ci-dessus ?</p>',
      null,
      false
    ),
    (
      '30000000-0000-4000-8000-00000000006c',
      3,
      'text',
      'Iran',
      '<p>Iran</p>',
      null,
      true
    ),
    (
      '30000000-0000-4000-8000-00000000006d',
      1,
      'image',
      null,
      null,
      'https://f003.backblazeb2.com/file/notyloops/israel.webp',
      false
    ),
    (
      '30000000-0000-4000-8000-00000000006d',
      2,
      'text',
      'A quel pays appartient le drapeau ci-dessus ?',
      '<p>A quel pays appartient le drapeau ci-dessus ?</p>',
      null,
      false
    ),
    (
      '30000000-0000-4000-8000-00000000006d',
      3,
      'text',
      'Israël',
      '<p>Israël</p>',
      null,
      true
    ),
    (
      '30000000-0000-4000-8000-00000000006e',
      1,
      'image',
      null,
      null,
      'https://f003.backblazeb2.com/file/notyloops/japon.webp',
      false
    ),
    (
      '30000000-0000-4000-8000-00000000006e',
      2,
      'text',
      'A quel pays appartient le drapeau ci-dessus ?',
      '<p>A quel pays appartient le drapeau ci-dessus ?</p>',
      null,
      false
    ),
    (
      '30000000-0000-4000-8000-00000000006e',
      3,
      'text',
      'Japon',
      '<p>Japon</p>',
      null,
      true
    ),
    (
      '30000000-0000-4000-8000-00000000006f',
      1,
      'image',
      null,
      null,
      'https://f003.backblazeb2.com/file/notyloops/jordanie.webp',
      false
    ),
    (
      '30000000-0000-4000-8000-00000000006f',
      2,
      'text',
      'A quel pays appartient le drapeau ci-dessus ?',
      '<p>A quel pays appartient le drapeau ci-dessus ?</p>',
      null,
      false
    ),
    (
      '30000000-0000-4000-8000-00000000006f',
      3,
      'text',
      'Jordanie',
      '<p>Jordanie</p>',
      null,
      true
    ),
    (
      '30000000-0000-4000-8000-000000000070',
      1,
      'image',
      null,
      null,
      'https://f003.backblazeb2.com/file/notyloops/kazakhstan.webp',
      false
    ),
    (
      '30000000-0000-4000-8000-000000000070',
      2,
      'text',
      'A quel pays appartient le drapeau ci-dessus ?',
      '<p>A quel pays appartient le drapeau ci-dessus ?</p>',
      null,
      false
    ),
    (
      '30000000-0000-4000-8000-000000000070',
      3,
      'text',
      'Kazakhstan',
      '<p>Kazakhstan</p>',
      null,
      true
    ),
    (
      '30000000-0000-4000-8000-000000000071',
      1,
      'image',
      null,
      null,
      'https://f003.backblazeb2.com/file/notyloops/kirghizistan.webp',
      false
    ),
    (
      '30000000-0000-4000-8000-000000000071',
      2,
      'text',
      'A quel pays appartient le drapeau ci-dessus ?',
      '<p>A quel pays appartient le drapeau ci-dessus ?</p>',
      null,
      false
    ),
    (
      '30000000-0000-4000-8000-000000000071',
      3,
      'text',
      'Kirghizistan',
      '<p>Kirghizistan</p>',
      null,
      true
    ),
    (
      '30000000-0000-4000-8000-000000000072',
      1,
      'image',
      null,
      null,
      'https://f003.backblazeb2.com/file/notyloops/koweit.webp',
      false
    ),
    (
      '30000000-0000-4000-8000-000000000072',
      2,
      'text',
      'A quel pays appartient le drapeau ci-dessus ?',
      '<p>A quel pays appartient le drapeau ci-dessus ?</p>',
      null,
      false
    ),
    (
      '30000000-0000-4000-8000-000000000072',
      3,
      'text',
      'Koweït',
      '<p>Koweït</p>',
      null,
      true
    ),
    (
      '30000000-0000-4000-8000-000000000073',
      1,
      'image',
      null,
      null,
      'https://f003.backblazeb2.com/file/notyloops/laos.webp',
      false
    ),
    (
      '30000000-0000-4000-8000-000000000073',
      2,
      'text',
      'A quel pays appartient le drapeau ci-dessus ?',
      '<p>A quel pays appartient le drapeau ci-dessus ?</p>',
      null,
      false
    ),
    (
      '30000000-0000-4000-8000-000000000073',
      3,
      'text',
      'Laos',
      '<p>Laos</p>',
      null,
      true
    ),
    (
      '30000000-0000-4000-8000-000000000074',
      1,
      'image',
      null,
      null,
      'https://f003.backblazeb2.com/file/notyloops/liban.webp',
      false
    ),
    (
      '30000000-0000-4000-8000-000000000074',
      2,
      'text',
      'A quel pays appartient le drapeau ci-dessus ?',
      '<p>A quel pays appartient le drapeau ci-dessus ?</p>',
      null,
      false
    ),
    (
      '30000000-0000-4000-8000-000000000074',
      3,
      'text',
      'Liban',
      '<p>Liban</p>',
      null,
      true
    ),
    (
      '30000000-0000-4000-8000-000000000075',
      1,
      'image',
      null,
      null,
      'https://f003.backblazeb2.com/file/notyloops/malaisie.webp',
      false
    ),
    (
      '30000000-0000-4000-8000-000000000075',
      2,
      'text',
      'A quel pays appartient le drapeau ci-dessus ?',
      '<p>A quel pays appartient le drapeau ci-dessus ?</p>',
      null,
      false
    ),
    (
      '30000000-0000-4000-8000-000000000075',
      3,
      'text',
      'Malaisie',
      '<p>Malaisie</p>',
      null,
      true
    ),
    (
      '30000000-0000-4000-8000-000000000076',
      1,
      'image',
      null,
      null,
      'https://f003.backblazeb2.com/file/notyloops/maldives.webp',
      false
    ),
    (
      '30000000-0000-4000-8000-000000000076',
      2,
      'text',
      'A quel pays appartient le drapeau ci-dessus ?',
      '<p>A quel pays appartient le drapeau ci-dessus ?</p>',
      null,
      false
    ),
    (
      '30000000-0000-4000-8000-000000000076',
      3,
      'text',
      'Maldives',
      '<p>Maldives</p>',
      null,
      true
    ),
    (
      '30000000-0000-4000-8000-000000000077',
      1,
      'image',
      null,
      null,
      'https://f003.backblazeb2.com/file/notyloops/mongolie.webp',
      false
    ),
    (
      '30000000-0000-4000-8000-000000000077',
      2,
      'text',
      'A quel pays appartient le drapeau ci-dessus ?',
      '<p>A quel pays appartient le drapeau ci-dessus ?</p>',
      null,
      false
    ),
    (
      '30000000-0000-4000-8000-000000000077',
      3,
      'text',
      'Mongolie',
      '<p>Mongolie</p>',
      null,
      true
    ),
    (
      '30000000-0000-4000-8000-000000000078',
      1,
      'image',
      null,
      null,
      'https://f003.backblazeb2.com/file/notyloops/nepal.webp',
      false
    ),
    (
      '30000000-0000-4000-8000-000000000078',
      2,
      'text',
      'A quel pays appartient le drapeau ci-dessus ?',
      '<p>A quel pays appartient le drapeau ci-dessus ?</p>',
      null,
      false
    ),
    (
      '30000000-0000-4000-8000-000000000078',
      3,
      'text',
      'Népal',
      '<p>Népal</p>',
      null,
      true
    ),
    (
      '30000000-0000-4000-8000-000000000079',
      1,
      'image',
      null,
      null,
      'https://f003.backblazeb2.com/file/notyloops/oman.webp',
      false
    ),
    (
      '30000000-0000-4000-8000-000000000079',
      2,
      'text',
      'A quel pays appartient le drapeau ci-dessus ?',
      '<p>A quel pays appartient le drapeau ci-dessus ?</p>',
      null,
      false
    ),
    (
      '30000000-0000-4000-8000-000000000079',
      3,
      'text',
      'Oman',
      '<p>Oman</p>',
      null,
      true
    ),
    (
      '30000000-0000-4000-8000-00000000007a',
      1,
      'image',
      null,
      null,
      'https://f003.backblazeb2.com/file/notyloops/ouzbekistan.webp',
      false
    ),
    (
      '30000000-0000-4000-8000-00000000007a',
      2,
      'text',
      'A quel pays appartient le drapeau ci-dessus ?',
      '<p>A quel pays appartient le drapeau ci-dessus ?</p>',
      null,
      false
    ),
    (
      '30000000-0000-4000-8000-00000000007a',
      3,
      'text',
      'Ouzbékistan',
      '<p>Ouzbékistan</p>',
      null,
      true
    ),
    (
      '30000000-0000-4000-8000-00000000007b',
      1,
      'image',
      null,
      null,
      'https://f003.backblazeb2.com/file/notyloops/pakistan.webp',
      false
    ),
    (
      '30000000-0000-4000-8000-00000000007b',
      2,
      'text',
      'A quel pays appartient le drapeau ci-dessus ?',
      '<p>A quel pays appartient le drapeau ci-dessus ?</p>',
      null,
      false
    ),
    (
      '30000000-0000-4000-8000-00000000007b',
      3,
      'text',
      'Pakistan',
      '<p>Pakistan</p>',
      null,
      true
    ),
    (
      '30000000-0000-4000-8000-00000000007c',
      1,
      'image',
      null,
      null,
      'https://f003.backblazeb2.com/file/notyloops/philippines.webp',
      false
    ),
    (
      '30000000-0000-4000-8000-00000000007c',
      2,
      'text',
      'A quel pays appartient le drapeau ci-dessus ?',
      '<p>A quel pays appartient le drapeau ci-dessus ?</p>',
      null,
      false
    ),
    (
      '30000000-0000-4000-8000-00000000007c',
      3,
      'text',
      'Philippines',
      '<p>Philippines</p>',
      null,
      true
    ),
    (
      '30000000-0000-4000-8000-00000000007d',
      1,
      'image',
      null,
      null,
      'https://f003.backblazeb2.com/file/notyloops/qatar.webp',
      false
    ),
    (
      '30000000-0000-4000-8000-00000000007d',
      2,
      'text',
      'A quel pays appartient le drapeau ci-dessus ?',
      '<p>A quel pays appartient le drapeau ci-dessus ?</p>',
      null,
      false
    ),
    (
      '30000000-0000-4000-8000-00000000007d',
      3,
      'text',
      'Qatar',
      '<p>Qatar</p>',
      null,
      true
    ),
    (
      '30000000-0000-4000-8000-00000000007e',
      1,
      'image',
      null,
      null,
      'https://f003.backblazeb2.com/file/notyloops/singapour.webp',
      false
    ),
    (
      '30000000-0000-4000-8000-00000000007e',
      2,
      'text',
      'A quel pays appartient le drapeau ci-dessus ?',
      '<p>A quel pays appartient le drapeau ci-dessus ?</p>',
      null,
      false
    ),
    (
      '30000000-0000-4000-8000-00000000007e',
      3,
      'text',
      'Singapour',
      '<p>Singapour</p>',
      null,
      true
    ),
    (
      '30000000-0000-4000-8000-00000000007f',
      1,
      'image',
      null,
      null,
      'https://f003.backblazeb2.com/file/notyloops/sri-lanka.webp',
      false
    ),
    (
      '30000000-0000-4000-8000-00000000007f',
      2,
      'text',
      'A quel pays appartient le drapeau ci-dessus ?',
      '<p>A quel pays appartient le drapeau ci-dessus ?</p>',
      null,
      false
    ),
    (
      '30000000-0000-4000-8000-00000000007f',
      3,
      'text',
      'Sri Lanka',
      '<p>Sri Lanka</p>',
      null,
      true
    ),
    (
      '30000000-0000-4000-8000-000000000080',
      1,
      'image',
      null,
      null,
      'https://f003.backblazeb2.com/file/notyloops/syrie.webp',
      false
    ),
    (
      '30000000-0000-4000-8000-000000000080',
      2,
      'text',
      'A quel pays appartient le drapeau ci-dessus ?',
      '<p>A quel pays appartient le drapeau ci-dessus ?</p>',
      null,
      false
    ),
    (
      '30000000-0000-4000-8000-000000000080',
      3,
      'text',
      'Syrie',
      '<p>Syrie</p>',
      null,
      true
    ),
    (
      '30000000-0000-4000-8000-000000000081',
      1,
      'image',
      null,
      null,
      'https://f003.backblazeb2.com/file/notyloops/tadjikistan.webp',
      false
    ),
    (
      '30000000-0000-4000-8000-000000000081',
      2,
      'text',
      'A quel pays appartient le drapeau ci-dessus ?',
      '<p>A quel pays appartient le drapeau ci-dessus ?</p>',
      null,
      false
    ),
    (
      '30000000-0000-4000-8000-000000000081',
      3,
      'text',
      'Tadjikistan',
      '<p>Tadjikistan</p>',
      null,
      true
    ),
    (
      '30000000-0000-4000-8000-000000000082',
      1,
      'image',
      null,
      null,
      'https://f003.backblazeb2.com/file/notyloops/thailande.webp',
      false
    ),
    (
      '30000000-0000-4000-8000-000000000082',
      2,
      'text',
      'A quel pays appartient le drapeau ci-dessus ?',
      '<p>A quel pays appartient le drapeau ci-dessus ?</p>',
      null,
      false
    ),
    (
      '30000000-0000-4000-8000-000000000082',
      3,
      'text',
      'Thaïlande',
      '<p>Thaïlande</p>',
      null,
      true
    ),
    (
      '30000000-0000-4000-8000-000000000083',
      1,
      'image',
      null,
      null,
      'https://f003.backblazeb2.com/file/notyloops/timor-oriental.webp',
      false
    ),
    (
      '30000000-0000-4000-8000-000000000083',
      2,
      'text',
      'A quel pays appartient le drapeau ci-dessus ?',
      '<p>A quel pays appartient le drapeau ci-dessus ?</p>',
      null,
      false
    ),
    (
      '30000000-0000-4000-8000-000000000083',
      3,
      'text',
      'Timor oriental',
      '<p>Timor oriental</p>',
      null,
      true
    ),
    (
      '30000000-0000-4000-8000-000000000084',
      1,
      'image',
      null,
      null,
      'https://f003.backblazeb2.com/file/notyloops/turkmenistan.webp',
      false
    ),
    (
      '30000000-0000-4000-8000-000000000084',
      2,
      'text',
      'A quel pays appartient le drapeau ci-dessus ?',
      '<p>A quel pays appartient le drapeau ci-dessus ?</p>',
      null,
      false
    ),
    (
      '30000000-0000-4000-8000-000000000084',
      3,
      'text',
      'Turkménistan',
      '<p>Turkménistan</p>',
      null,
      true
    ),
    (
      '30000000-0000-4000-8000-000000000085',
      1,
      'image',
      null,
      null,
      'https://f003.backblazeb2.com/file/notyloops/turquie.webp',
      false
    ),
    (
      '30000000-0000-4000-8000-000000000085',
      2,
      'text',
      'A quel pays appartient le drapeau ci-dessus ?',
      '<p>A quel pays appartient le drapeau ci-dessus ?</p>',
      null,
      false
    ),
    (
      '30000000-0000-4000-8000-000000000085',
      3,
      'text',
      'Turquie',
      '<p>Turquie</p>',
      null,
      true
    ),
    (
      '30000000-0000-4000-8000-000000000086',
      1,
      'image',
      null,
      null,
      'https://f003.backblazeb2.com/file/notyloops/viet-nam.webp',
      false
    ),
    (
      '30000000-0000-4000-8000-000000000086',
      2,
      'text',
      'A quel pays appartient le drapeau ci-dessus ?',
      '<p>A quel pays appartient le drapeau ci-dessus ?</p>',
      null,
      false
    ),
    (
      '30000000-0000-4000-8000-000000000086',
      3,
      'text',
      'Viêt Nam, Viet Nam ou Vietnam',
      '<p>Viêt Nam, Viet Nam ou Vietnam</p>',
      null,
      true
    ),
    (
      '30000000-0000-4000-8000-000000000087',
      1,
      'image',
      null,
      null,
      'https://f003.backblazeb2.com/file/notyloops/yemen.webp',
      false
    ),
    (
      '30000000-0000-4000-8000-000000000087',
      2,
      'text',
      'A quel pays appartient le drapeau ci-dessus ?',
      '<p>A quel pays appartient le drapeau ci-dessus ?</p>',
      null,
      false
    ),
    (
      '30000000-0000-4000-8000-000000000087',
      3,
      'text',
      'Yémen',
      '<p>Yémen</p>',
      null,
      true
    ),
    (
      '30000000-0000-4000-8000-000000000088',
      1,
      'image',
      null,
      null,
      'https://f003.backblazeb2.com/file/notyloops/albanie.webp',
      false
    ),
    (
      '30000000-0000-4000-8000-000000000088',
      2,
      'text',
      'A quel pays appartient le drapeau ci-dessus ?',
      '<p>A quel pays appartient le drapeau ci-dessus ?</p>',
      null,
      false
    ),
    (
      '30000000-0000-4000-8000-000000000088',
      3,
      'text',
      'Albanie',
      '<p>Albanie</p>',
      null,
      true
    ),
    (
      '30000000-0000-4000-8000-000000000089',
      1,
      'image',
      null,
      null,
      'https://f003.backblazeb2.com/file/notyloops/allemagne.webp',
      false
    ),
    (
      '30000000-0000-4000-8000-000000000089',
      2,
      'text',
      'A quel pays appartient le drapeau ci-dessus ?',
      '<p>A quel pays appartient le drapeau ci-dessus ?</p>',
      null,
      false
    ),
    (
      '30000000-0000-4000-8000-000000000089',
      3,
      'text',
      'Allemagne',
      '<p>Allemagne</p>',
      null,
      true
    ),
    (
      '30000000-0000-4000-8000-00000000008a',
      1,
      'image',
      null,
      null,
      'https://f003.backblazeb2.com/file/notyloops/andorre.webp',
      false
    ),
    (
      '30000000-0000-4000-8000-00000000008a',
      2,
      'text',
      'A quel pays appartient le drapeau ci-dessus ?',
      '<p>A quel pays appartient le drapeau ci-dessus ?</p>',
      null,
      false
    ),
    (
      '30000000-0000-4000-8000-00000000008a',
      3,
      'text',
      'Andorre',
      '<p>Andorre</p>',
      null,
      true
    ),
    (
      '30000000-0000-4000-8000-00000000008b',
      1,
      'image',
      null,
      null,
      'https://f003.backblazeb2.com/file/notyloops/autriche.webp',
      false
    ),
    (
      '30000000-0000-4000-8000-00000000008b',
      2,
      'text',
      'A quel pays appartient le drapeau ci-dessus ?',
      '<p>A quel pays appartient le drapeau ci-dessus ?</p>',
      null,
      false
    ),
    (
      '30000000-0000-4000-8000-00000000008b',
      3,
      'text',
      'Autriche',
      '<p>Autriche</p>',
      null,
      true
    ),
    (
      '30000000-0000-4000-8000-00000000008c',
      1,
      'image',
      null,
      null,
      'https://f003.backblazeb2.com/file/notyloops/belgique.webp',
      false
    ),
    (
      '30000000-0000-4000-8000-00000000008c',
      2,
      'text',
      'A quel pays appartient le drapeau ci-dessus ?',
      '<p>A quel pays appartient le drapeau ci-dessus ?</p>',
      null,
      false
    ),
    (
      '30000000-0000-4000-8000-00000000008c',
      3,
      'text',
      'Belgique',
      '<p>Belgique</p>',
      null,
      true
    ),
    (
      '30000000-0000-4000-8000-00000000008d',
      1,
      'image',
      null,
      null,
      'https://f003.backblazeb2.com/file/notyloops/bielorussie.webp',
      false
    ),
    (
      '30000000-0000-4000-8000-00000000008d',
      2,
      'text',
      'A quel pays appartient le drapeau ci-dessus ?',
      '<p>A quel pays appartient le drapeau ci-dessus ?</p>',
      null,
      false
    ),
    (
      '30000000-0000-4000-8000-00000000008d',
      3,
      'text',
      'Biélorussie',
      '<p>Biélorussie</p>',
      null,
      true
    ),
    (
      '30000000-0000-4000-8000-00000000008e',
      1,
      'image',
      null,
      null,
      'https://f003.backblazeb2.com/file/notyloops/bosnie-herzegovine.webp',
      false
    ),
    (
      '30000000-0000-4000-8000-00000000008e',
      2,
      'text',
      'A quel pays appartient le drapeau ci-dessus ?',
      '<p>A quel pays appartient le drapeau ci-dessus ?</p>',
      null,
      false
    ),
    (
      '30000000-0000-4000-8000-00000000008e',
      3,
      'text',
      'Bosnie-Herzégovine',
      '<p>Bosnie-Herzégovine</p>',
      null,
      true
    ),
    (
      '30000000-0000-4000-8000-00000000008f',
      1,
      'image',
      null,
      null,
      'https://f003.backblazeb2.com/file/notyloops/bulgarie.webp',
      false
    ),
    (
      '30000000-0000-4000-8000-00000000008f',
      2,
      'text',
      'A quel pays appartient le drapeau ci-dessus ?',
      '<p>A quel pays appartient le drapeau ci-dessus ?</p>',
      null,
      false
    ),
    (
      '30000000-0000-4000-8000-00000000008f',
      3,
      'text',
      'Bulgarie',
      '<p>Bulgarie</p>',
      null,
      true
    ),
    (
      '30000000-0000-4000-8000-000000000090',
      1,
      'image',
      null,
      null,
      'https://f003.backblazeb2.com/file/notyloops/chypre.webp',
      false
    ),
    (
      '30000000-0000-4000-8000-000000000090',
      2,
      'text',
      'A quel pays appartient le drapeau ci-dessus ?',
      '<p>A quel pays appartient le drapeau ci-dessus ?</p>',
      null,
      false
    ),
    (
      '30000000-0000-4000-8000-000000000090',
      3,
      'text',
      'Chypre',
      '<p>Chypre</p>',
      null,
      true
    ),
    (
      '30000000-0000-4000-8000-000000000091',
      1,
      'image',
      null,
      null,
      'https://f003.backblazeb2.com/file/notyloops/croatie.webp',
      false
    ),
    (
      '30000000-0000-4000-8000-000000000091',
      2,
      'text',
      'A quel pays appartient le drapeau ci-dessus ?',
      '<p>A quel pays appartient le drapeau ci-dessus ?</p>',
      null,
      false
    ),
    (
      '30000000-0000-4000-8000-000000000091',
      3,
      'text',
      'Croatie',
      '<p>Croatie</p>',
      null,
      true
    ),
    (
      '30000000-0000-4000-8000-000000000092',
      1,
      'image',
      null,
      null,
      'https://f003.backblazeb2.com/file/notyloops/danemark.webp',
      false
    ),
    (
      '30000000-0000-4000-8000-000000000092',
      2,
      'text',
      'A quel pays appartient le drapeau ci-dessus ?',
      '<p>A quel pays appartient le drapeau ci-dessus ?</p>',
      null,
      false
    ),
    (
      '30000000-0000-4000-8000-000000000092',
      3,
      'text',
      'Danemark',
      '<p>Danemark</p>',
      null,
      true
    ),
    (
      '30000000-0000-4000-8000-000000000093',
      1,
      'image',
      null,
      null,
      'https://f003.backblazeb2.com/file/notyloops/espagne.webp',
      false
    ),
    (
      '30000000-0000-4000-8000-000000000093',
      2,
      'text',
      'A quel pays appartient le drapeau ci-dessus ?',
      '<p>A quel pays appartient le drapeau ci-dessus ?</p>',
      null,
      false
    ),
    (
      '30000000-0000-4000-8000-000000000093',
      3,
      'text',
      'Espagne',
      '<p>Espagne</p>',
      null,
      true
    ),
    (
      '30000000-0000-4000-8000-000000000094',
      1,
      'image',
      null,
      null,
      'https://f003.backblazeb2.com/file/notyloops/estonie.webp',
      false
    ),
    (
      '30000000-0000-4000-8000-000000000094',
      2,
      'text',
      'A quel pays appartient le drapeau ci-dessus ?',
      '<p>A quel pays appartient le drapeau ci-dessus ?</p>',
      null,
      false
    ),
    (
      '30000000-0000-4000-8000-000000000094',
      3,
      'text',
      'Estonie',
      '<p>Estonie</p>',
      null,
      true
    ),
    (
      '30000000-0000-4000-8000-000000000095',
      1,
      'image',
      null,
      null,
      'https://f003.backblazeb2.com/file/notyloops/finlande.webp',
      false
    ),
    (
      '30000000-0000-4000-8000-000000000095',
      2,
      'text',
      'A quel pays appartient le drapeau ci-dessus ?',
      '<p>A quel pays appartient le drapeau ci-dessus ?</p>',
      null,
      false
    ),
    (
      '30000000-0000-4000-8000-000000000095',
      3,
      'text',
      'Finlande',
      '<p>Finlande</p>',
      null,
      true
    ),
    (
      '30000000-0000-4000-8000-000000000096',
      1,
      'image',
      null,
      null,
      'https://f003.backblazeb2.com/file/notyloops/france.webp',
      false
    ),
    (
      '30000000-0000-4000-8000-000000000096',
      2,
      'text',
      'A quel pays appartient le drapeau ci-dessus ?',
      '<p>A quel pays appartient le drapeau ci-dessus ?</p>',
      null,
      false
    ),
    (
      '30000000-0000-4000-8000-000000000096',
      3,
      'text',
      'France',
      '<p>France</p>',
      null,
      true
    ),
    (
      '30000000-0000-4000-8000-000000000097',
      1,
      'image',
      null,
      null,
      'https://f003.backblazeb2.com/file/notyloops/grece.webp',
      false
    ),
    (
      '30000000-0000-4000-8000-000000000097',
      2,
      'text',
      'A quel pays appartient le drapeau ci-dessus ?',
      '<p>A quel pays appartient le drapeau ci-dessus ?</p>',
      null,
      false
    ),
    (
      '30000000-0000-4000-8000-000000000097',
      3,
      'text',
      'Grèce',
      '<p>Grèce</p>',
      null,
      true
    ),
    (
      '30000000-0000-4000-8000-000000000098',
      1,
      'image',
      null,
      null,
      'https://f003.backblazeb2.com/file/notyloops/hongrie.webp',
      false
    ),
    (
      '30000000-0000-4000-8000-000000000098',
      2,
      'text',
      'A quel pays appartient le drapeau ci-dessus ?',
      '<p>A quel pays appartient le drapeau ci-dessus ?</p>',
      null,
      false
    ),
    (
      '30000000-0000-4000-8000-000000000098',
      3,
      'text',
      'Hongrie',
      '<p>Hongrie</p>',
      null,
      true
    ),
    (
      '30000000-0000-4000-8000-000000000099',
      1,
      'image',
      null,
      null,
      'https://f003.backblazeb2.com/file/notyloops/irlande.webp',
      false
    ),
    (
      '30000000-0000-4000-8000-000000000099',
      2,
      'text',
      'A quel pays appartient le drapeau ci-dessus ?',
      '<p>A quel pays appartient le drapeau ci-dessus ?</p>',
      null,
      false
    ),
    (
      '30000000-0000-4000-8000-000000000099',
      3,
      'text',
      'Irlande',
      '<p>Irlande</p>',
      null,
      true
    ),
    (
      '30000000-0000-4000-8000-00000000009a',
      1,
      'image',
      null,
      null,
      'https://f003.backblazeb2.com/file/notyloops/islande.webp',
      false
    ),
    (
      '30000000-0000-4000-8000-00000000009a',
      2,
      'text',
      'A quel pays appartient le drapeau ci-dessus ?',
      '<p>A quel pays appartient le drapeau ci-dessus ?</p>',
      null,
      false
    ),
    (
      '30000000-0000-4000-8000-00000000009a',
      3,
      'text',
      'Islande',
      '<p>Islande</p>',
      null,
      true
    ),
    (
      '30000000-0000-4000-8000-00000000009b',
      1,
      'image',
      null,
      null,
      'https://f003.backblazeb2.com/file/notyloops/italie.webp',
      false
    ),
    (
      '30000000-0000-4000-8000-00000000009b',
      2,
      'text',
      'A quel pays appartient le drapeau ci-dessus ?',
      '<p>A quel pays appartient le drapeau ci-dessus ?</p>',
      null,
      false
    ),
    (
      '30000000-0000-4000-8000-00000000009b',
      3,
      'text',
      'Italie',
      '<p>Italie</p>',
      null,
      true
    ),
    (
      '30000000-0000-4000-8000-00000000009c',
      1,
      'image',
      null,
      null,
      'https://f003.backblazeb2.com/file/notyloops/lettonie.webp',
      false
    ),
    (
      '30000000-0000-4000-8000-00000000009c',
      2,
      'text',
      'A quel pays appartient le drapeau ci-dessus ?',
      '<p>A quel pays appartient le drapeau ci-dessus ?</p>',
      null,
      false
    ),
    (
      '30000000-0000-4000-8000-00000000009c',
      3,
      'text',
      'Lettonie',
      '<p>Lettonie</p>',
      null,
      true
    ),
    (
      '30000000-0000-4000-8000-00000000009d',
      1,
      'image',
      null,
      null,
      'https://f003.backblazeb2.com/file/notyloops/liechtenstein.webp',
      false
    ),
    (
      '30000000-0000-4000-8000-00000000009d',
      2,
      'text',
      'A quel pays appartient le drapeau ci-dessus ?',
      '<p>A quel pays appartient le drapeau ci-dessus ?</p>',
      null,
      false
    ),
    (
      '30000000-0000-4000-8000-00000000009d',
      3,
      'text',
      'Liechtenstein',
      '<p>Liechtenstein</p>',
      null,
      true
    ),
    (
      '30000000-0000-4000-8000-00000000009e',
      1,
      'image',
      null,
      null,
      'https://f003.backblazeb2.com/file/notyloops/lituanie.webp',
      false
    ),
    (
      '30000000-0000-4000-8000-00000000009e',
      2,
      'text',
      'A quel pays appartient le drapeau ci-dessus ?',
      '<p>A quel pays appartient le drapeau ci-dessus ?</p>',
      null,
      false
    ),
    (
      '30000000-0000-4000-8000-00000000009e',
      3,
      'text',
      'Lituanie',
      '<p>Lituanie</p>',
      null,
      true
    ),
    (
      '30000000-0000-4000-8000-00000000009f',
      1,
      'image',
      null,
      null,
      'https://f003.backblazeb2.com/file/notyloops/luxembourg.webp',
      false
    ),
    (
      '30000000-0000-4000-8000-00000000009f',
      2,
      'text',
      'A quel pays appartient le drapeau ci-dessus ?',
      '<p>A quel pays appartient le drapeau ci-dessus ?</p>',
      null,
      false
    ),
    (
      '30000000-0000-4000-8000-00000000009f',
      3,
      'text',
      'Luxembourg',
      '<p>Luxembourg</p>',
      null,
      true
    ),
    (
      '30000000-0000-4000-8000-0000000000a0',
      1,
      'image',
      null,
      null,
      'https://f003.backblazeb2.com/file/notyloops/macedoine-du-nord.webp',
      false
    ),
    (
      '30000000-0000-4000-8000-0000000000a0',
      2,
      'text',
      'A quel pays appartient le drapeau ci-dessus ?',
      '<p>A quel pays appartient le drapeau ci-dessus ?</p>',
      null,
      false
    ),
    (
      '30000000-0000-4000-8000-0000000000a0',
      3,
      'text',
      'Macédoine du Nord',
      '<p>Macédoine du Nord</p>',
      null,
      true
    ),
    (
      '30000000-0000-4000-8000-0000000000a1',
      1,
      'image',
      null,
      null,
      'https://f003.backblazeb2.com/file/notyloops/malte.webp',
      false
    ),
    (
      '30000000-0000-4000-8000-0000000000a1',
      2,
      'text',
      'A quel pays appartient le drapeau ci-dessus ?',
      '<p>A quel pays appartient le drapeau ci-dessus ?</p>',
      null,
      false
    ),
    (
      '30000000-0000-4000-8000-0000000000a1',
      3,
      'text',
      'Malte',
      '<p>Malte</p>',
      null,
      true
    ),
    (
      '30000000-0000-4000-8000-0000000000a2',
      1,
      'image',
      null,
      null,
      'https://f003.backblazeb2.com/file/notyloops/moldavie.webp',
      false
    ),
    (
      '30000000-0000-4000-8000-0000000000a2',
      2,
      'text',
      'A quel pays appartient le drapeau ci-dessus ?',
      '<p>A quel pays appartient le drapeau ci-dessus ?</p>',
      null,
      false
    ),
    (
      '30000000-0000-4000-8000-0000000000a2',
      3,
      'text',
      'Moldavie',
      '<p>Moldavie</p>',
      null,
      true
    ),
    (
      '30000000-0000-4000-8000-0000000000a3',
      1,
      'image',
      null,
      null,
      'https://f003.backblazeb2.com/file/notyloops/monaco.webp',
      false
    ),
    (
      '30000000-0000-4000-8000-0000000000a3',
      2,
      'text',
      'A quel pays appartient le drapeau ci-dessus ?',
      '<p>A quel pays appartient le drapeau ci-dessus ?</p>',
      null,
      false
    ),
    (
      '30000000-0000-4000-8000-0000000000a3',
      3,
      'text',
      'Monaco',
      '<p>Monaco</p>',
      null,
      true
    ),
    (
      '30000000-0000-4000-8000-0000000000a4',
      1,
      'image',
      null,
      null,
      'https://f003.backblazeb2.com/file/notyloops/montenegro.webp',
      false
    ),
    (
      '30000000-0000-4000-8000-0000000000a4',
      2,
      'text',
      'A quel pays appartient le drapeau ci-dessus ?',
      '<p>A quel pays appartient le drapeau ci-dessus ?</p>',
      null,
      false
    ),
    (
      '30000000-0000-4000-8000-0000000000a4',
      3,
      'text',
      'Monténégro',
      '<p>Monténégro</p>',
      null,
      true
    ),
    (
      '30000000-0000-4000-8000-0000000000a5',
      1,
      'image',
      null,
      null,
      'https://f003.backblazeb2.com/file/notyloops/norvege.webp',
      false
    ),
    (
      '30000000-0000-4000-8000-0000000000a5',
      2,
      'text',
      'A quel pays appartient le drapeau ci-dessus ?',
      '<p>A quel pays appartient le drapeau ci-dessus ?</p>',
      null,
      false
    ),
    (
      '30000000-0000-4000-8000-0000000000a5',
      3,
      'text',
      'Norvège',
      '<p>Norvège</p>',
      null,
      true
    ),
    (
      '30000000-0000-4000-8000-0000000000a6',
      1,
      'image',
      null,
      null,
      'https://f003.backblazeb2.com/file/notyloops/pays-bas.webp',
      false
    ),
    (
      '30000000-0000-4000-8000-0000000000a6',
      2,
      'text',
      'A quel pays appartient le drapeau ci-dessus ?',
      '<p>A quel pays appartient le drapeau ci-dessus ?</p>',
      null,
      false
    ),
    (
      '30000000-0000-4000-8000-0000000000a6',
      3,
      'text',
      'Pays-Bas',
      '<p>Pays-Bas</p>',
      null,
      true
    ),
    (
      '30000000-0000-4000-8000-0000000000a7',
      1,
      'image',
      null,
      null,
      'https://f003.backblazeb2.com/file/notyloops/pologne.webp',
      false
    ),
    (
      '30000000-0000-4000-8000-0000000000a7',
      2,
      'text',
      'A quel pays appartient le drapeau ci-dessus ?',
      '<p>A quel pays appartient le drapeau ci-dessus ?</p>',
      null,
      false
    ),
    (
      '30000000-0000-4000-8000-0000000000a7',
      3,
      'text',
      'Pologne',
      '<p>Pologne</p>',
      null,
      true
    ),
    (
      '30000000-0000-4000-8000-0000000000a8',
      1,
      'image',
      null,
      null,
      'https://f003.backblazeb2.com/file/notyloops/portugal.webp',
      false
    ),
    (
      '30000000-0000-4000-8000-0000000000a8',
      2,
      'text',
      'A quel pays appartient le drapeau ci-dessus ?',
      '<p>A quel pays appartient le drapeau ci-dessus ?</p>',
      null,
      false
    ),
    (
      '30000000-0000-4000-8000-0000000000a8',
      3,
      'text',
      'Portugal',
      '<p>Portugal</p>',
      null,
      true
    ),
    (
      '30000000-0000-4000-8000-0000000000a9',
      1,
      'image',
      null,
      null,
      'https://f003.backblazeb2.com/file/notyloops/roumanie.webp',
      false
    ),
    (
      '30000000-0000-4000-8000-0000000000a9',
      2,
      'text',
      'A quel pays appartient le drapeau ci-dessus ?',
      '<p>A quel pays appartient le drapeau ci-dessus ?</p>',
      null,
      false
    ),
    (
      '30000000-0000-4000-8000-0000000000a9',
      3,
      'text',
      'Roumanie',
      '<p>Roumanie</p>',
      null,
      true
    ),
    (
      '30000000-0000-4000-8000-0000000000aa',
      1,
      'image',
      null,
      null,
      'https://f003.backblazeb2.com/file/notyloops/royaume-uni.webp',
      false
    ),
    (
      '30000000-0000-4000-8000-0000000000aa',
      2,
      'text',
      'A quel pays appartient le drapeau ci-dessus ?',
      '<p>A quel pays appartient le drapeau ci-dessus ?</p>',
      null,
      false
    ),
    (
      '30000000-0000-4000-8000-0000000000aa',
      3,
      'text',
      'Royaume-Uni',
      '<p>Royaume-Uni</p>',
      null,
      true
    ),
    (
      '30000000-0000-4000-8000-0000000000ab',
      1,
      'image',
      null,
      null,
      'https://f003.backblazeb2.com/file/notyloops/russie.webp',
      false
    ),
    (
      '30000000-0000-4000-8000-0000000000ab',
      2,
      'text',
      'A quel pays appartient le drapeau ci-dessus ?',
      '<p>A quel pays appartient le drapeau ci-dessus ?</p>',
      null,
      false
    ),
    (
      '30000000-0000-4000-8000-0000000000ab',
      3,
      'text',
      'Russie',
      '<p>Russie</p>',
      null,
      true
    ),
    (
      '30000000-0000-4000-8000-0000000000ac',
      1,
      'image',
      null,
      null,
      'https://f003.backblazeb2.com/file/notyloops/saint-marin.webp',
      false
    ),
    (
      '30000000-0000-4000-8000-0000000000ac',
      2,
      'text',
      'A quel pays appartient le drapeau ci-dessus ?',
      '<p>A quel pays appartient le drapeau ci-dessus ?</p>',
      null,
      false
    ),
    (
      '30000000-0000-4000-8000-0000000000ac',
      3,
      'text',
      'Saint-Marin',
      '<p>Saint-Marin</p>',
      null,
      true
    ),
    (
      '30000000-0000-4000-8000-0000000000ad',
      1,
      'image',
      null,
      null,
      'https://f003.backblazeb2.com/file/notyloops/serbie.webp',
      false
    ),
    (
      '30000000-0000-4000-8000-0000000000ad',
      2,
      'text',
      'A quel pays appartient le drapeau ci-dessus ?',
      '<p>A quel pays appartient le drapeau ci-dessus ?</p>',
      null,
      false
    ),
    (
      '30000000-0000-4000-8000-0000000000ad',
      3,
      'text',
      'Serbie',
      '<p>Serbie</p>',
      null,
      true
    ),
    (
      '30000000-0000-4000-8000-0000000000ae',
      1,
      'image',
      null,
      null,
      'https://f003.backblazeb2.com/file/notyloops/slovaquie.webp',
      false
    ),
    (
      '30000000-0000-4000-8000-0000000000ae',
      2,
      'text',
      'A quel pays appartient le drapeau ci-dessus ?',
      '<p>A quel pays appartient le drapeau ci-dessus ?</p>',
      null,
      false
    ),
    (
      '30000000-0000-4000-8000-0000000000ae',
      3,
      'text',
      'Slovaquie',
      '<p>Slovaquie</p>',
      null,
      true
    ),
    (
      '30000000-0000-4000-8000-0000000000af',
      1,
      'image',
      null,
      null,
      'https://f003.backblazeb2.com/file/notyloops/slovenie.webp',
      false
    ),
    (
      '30000000-0000-4000-8000-0000000000af',
      2,
      'text',
      'A quel pays appartient le drapeau ci-dessus ?',
      '<p>A quel pays appartient le drapeau ci-dessus ?</p>',
      null,
      false
    ),
    (
      '30000000-0000-4000-8000-0000000000af',
      3,
      'text',
      'Slovénie',
      '<p>Slovénie</p>',
      null,
      true
    ),
    (
      '30000000-0000-4000-8000-0000000000b0',
      1,
      'image',
      null,
      null,
      'https://f003.backblazeb2.com/file/notyloops/suede.webp',
      false
    ),
    (
      '30000000-0000-4000-8000-0000000000b0',
      2,
      'text',
      'A quel pays appartient le drapeau ci-dessus ?',
      '<p>A quel pays appartient le drapeau ci-dessus ?</p>',
      null,
      false
    ),
    (
      '30000000-0000-4000-8000-0000000000b0',
      3,
      'text',
      'Suède',
      '<p>Suède</p>',
      null,
      true
    ),
    (
      '30000000-0000-4000-8000-0000000000b1',
      1,
      'image',
      null,
      null,
      'https://f003.backblazeb2.com/file/notyloops/suisse.webp',
      false
    ),
    (
      '30000000-0000-4000-8000-0000000000b1',
      2,
      'text',
      'A quel pays appartient le drapeau ci-dessus ?',
      '<p>A quel pays appartient le drapeau ci-dessus ?</p>',
      null,
      false
    ),
    (
      '30000000-0000-4000-8000-0000000000b1',
      3,
      'text',
      'Suisse',
      '<p>Suisse</p>',
      null,
      true
    ),
    (
      '30000000-0000-4000-8000-0000000000b2',
      1,
      'image',
      null,
      null,
      'https://f003.backblazeb2.com/file/notyloops/tchequie-republique-tcheque.webp',
      false
    ),
    (
      '30000000-0000-4000-8000-0000000000b2',
      2,
      'text',
      'A quel pays appartient le drapeau ci-dessus ?',
      '<p>A quel pays appartient le drapeau ci-dessus ?</p>',
      null,
      false
    ),
    (
      '30000000-0000-4000-8000-0000000000b2',
      3,
      'text',
      'Tchéquie (République tchèque)',
      '<p>Tchéquie (République tchèque)</p>',
      null,
      true
    ),
    (
      '30000000-0000-4000-8000-0000000000b3',
      1,
      'image',
      null,
      null,
      'https://f003.backblazeb2.com/file/notyloops/ukraine.webp',
      false
    ),
    (
      '30000000-0000-4000-8000-0000000000b3',
      2,
      'text',
      'A quel pays appartient le drapeau ci-dessus ?',
      '<p>A quel pays appartient le drapeau ci-dessus ?</p>',
      null,
      false
    ),
    (
      '30000000-0000-4000-8000-0000000000b3',
      3,
      'text',
      'Ukraine',
      '<p>Ukraine</p>',
      null,
      true
    ),
    (
      '30000000-0000-4000-8000-0000000000b4',
      1,
      'image',
      null,
      null,
      'https://f003.backblazeb2.com/file/notyloops/vatican.webp',
      false
    ),
    (
      '30000000-0000-4000-8000-0000000000b4',
      2,
      'text',
      'A quel pays appartient le drapeau ci-dessus ?',
      '<p>A quel pays appartient le drapeau ci-dessus ?</p>',
      null,
      false
    ),
    (
      '30000000-0000-4000-8000-0000000000b4',
      3,
      'text',
      'Vatican',
      '<p>Vatican</p>',
      null,
      true
    ),
    (
      '30000000-0000-4000-8000-0000000000b5',
      1,
      'image',
      null,
      null,
      'https://f003.backblazeb2.com/file/notyloops/australie.webp',
      false
    ),
    (
      '30000000-0000-4000-8000-0000000000b5',
      2,
      'text',
      'A quel pays appartient le drapeau ci-dessus ?',
      '<p>A quel pays appartient le drapeau ci-dessus ?</p>',
      null,
      false
    ),
    (
      '30000000-0000-4000-8000-0000000000b5',
      3,
      'text',
      'Australie',
      '<p>Australie</p>',
      null,
      true
    ),
    (
      '30000000-0000-4000-8000-0000000000b6',
      1,
      'image',
      null,
      null,
      'https://f003.backblazeb2.com/file/notyloops/etats-federes-de-micronesie.webp',
      false
    ),
    (
      '30000000-0000-4000-8000-0000000000b6',
      2,
      'text',
      'A quel pays appartient le drapeau ci-dessus ?',
      '<p>A quel pays appartient le drapeau ci-dessus ?</p>',
      null,
      false
    ),
    (
      '30000000-0000-4000-8000-0000000000b6',
      3,
      'text',
      'Etats fédérés de Micronésie (Océanie)',
      '<p>Etats fédérés de Micronésie (Océanie)</p>',
      null,
      true
    ),
    (
      '30000000-0000-4000-8000-0000000000b7',
      1,
      'image',
      null,
      null,
      'https://f003.backblazeb2.com/file/notyloops/fidji.webp',
      false
    ),
    (
      '30000000-0000-4000-8000-0000000000b7',
      2,
      'text',
      'A quel pays appartient le drapeau ci-dessus ?',
      '<p>A quel pays appartient le drapeau ci-dessus ?</p>',
      null,
      false
    ),
    (
      '30000000-0000-4000-8000-0000000000b7',
      3,
      'text',
      'Fidji (Océanie)',
      '<p>Fidji (Océanie)</p>',
      null,
      true
    ),
    (
      '30000000-0000-4000-8000-0000000000b8',
      1,
      'image',
      null,
      null,
      'https://f003.backblazeb2.com/file/notyloops/iles-marshall.webp',
      false
    ),
    (
      '30000000-0000-4000-8000-0000000000b8',
      2,
      'text',
      'A quel pays appartient le drapeau ci-dessus ?',
      '<p>A quel pays appartient le drapeau ci-dessus ?</p>',
      null,
      false
    ),
    (
      '30000000-0000-4000-8000-0000000000b8',
      3,
      'text',
      'Iles Marshall (Océanie)',
      '<p>Iles Marshall (Océanie)</p>',
      null,
      true
    ),
    (
      '30000000-0000-4000-8000-0000000000b9',
      1,
      'image',
      null,
      null,
      'https://f003.backblazeb2.com/file/notyloops/iles-salomon.webp',
      false
    ),
    (
      '30000000-0000-4000-8000-0000000000b9',
      2,
      'text',
      'A quel pays appartient le drapeau ci-dessus ?',
      '<p>A quel pays appartient le drapeau ci-dessus ?</p>',
      null,
      false
    ),
    (
      '30000000-0000-4000-8000-0000000000b9',
      3,
      'text',
      'Iles Salomon (Océanie)',
      '<p>Iles Salomon (Océanie)</p>',
      null,
      true
    ),
    (
      '30000000-0000-4000-8000-0000000000ba',
      1,
      'image',
      null,
      null,
      'https://f003.backblazeb2.com/file/notyloops/kitibati.webp',
      false
    ),
    (
      '30000000-0000-4000-8000-0000000000ba',
      2,
      'text',
      'A quel pays appartient le drapeau ci-dessus ?',
      '<p>A quel pays appartient le drapeau ci-dessus ?</p>',
      null,
      false
    ),
    (
      '30000000-0000-4000-8000-0000000000ba',
      3,
      'text',
      'Kitibati (Océanie)',
      '<p>Kitibati (Océanie)</p>',
      null,
      true
    ),
    (
      '30000000-0000-4000-8000-0000000000bb',
      1,
      'image',
      null,
      null,
      'https://f003.backblazeb2.com/file/notyloops/nauru.webp',
      false
    ),
    (
      '30000000-0000-4000-8000-0000000000bb',
      2,
      'text',
      'A quel pays appartient le drapeau ci-dessus ?',
      '<p>A quel pays appartient le drapeau ci-dessus ?</p>',
      null,
      false
    ),
    (
      '30000000-0000-4000-8000-0000000000bb',
      3,
      'text',
      'Nauru (Océanie)',
      '<p>Nauru (Océanie)</p>',
      null,
      true
    ),
    (
      '30000000-0000-4000-8000-0000000000bc',
      1,
      'image',
      null,
      null,
      'https://f003.backblazeb2.com/file/notyloops/nouvelle-zelande.webp',
      false
    ),
    (
      '30000000-0000-4000-8000-0000000000bc',
      2,
      'text',
      'A quel pays appartient le drapeau ci-dessus ?',
      '<p>A quel pays appartient le drapeau ci-dessus ?</p>',
      null,
      false
    ),
    (
      '30000000-0000-4000-8000-0000000000bc',
      3,
      'text',
      'Nouvelle-Zélande (Océanie)',
      '<p>Nouvelle-Zélande (Océanie)</p>',
      null,
      true
    ),
    (
      '30000000-0000-4000-8000-0000000000bd',
      1,
      'image',
      null,
      null,
      'https://f003.backblazeb2.com/file/notyloops/palaos.webp',
      false
    ),
    (
      '30000000-0000-4000-8000-0000000000bd',
      2,
      'text',
      'A quel pays appartient le drapeau ci-dessus ?',
      '<p>A quel pays appartient le drapeau ci-dessus ?</p>',
      null,
      false
    ),
    (
      '30000000-0000-4000-8000-0000000000bd',
      3,
      'text',
      'Palaos (Océanie)',
      '<p>Palaos (Océanie)</p>',
      null,
      true
    ),
    (
      '30000000-0000-4000-8000-0000000000be',
      1,
      'image',
      null,
      null,
      'https://f003.backblazeb2.com/file/notyloops/papouasie-nouvelle-guinee.webp',
      false
    ),
    (
      '30000000-0000-4000-8000-0000000000be',
      2,
      'text',
      'A quel pays appartient le drapeau ci-dessus ?',
      '<p>A quel pays appartient le drapeau ci-dessus ?</p>',
      null,
      false
    ),
    (
      '30000000-0000-4000-8000-0000000000be',
      3,
      'text',
      'Papouasie-Nouvelle-Guinée (Océanie)',
      '<p>Papouasie-Nouvelle-Guinée (Océanie)</p>',
      null,
      true
    ),
    (
      '30000000-0000-4000-8000-0000000000bf',
      1,
      'image',
      null,
      null,
      'https://f003.backblazeb2.com/file/notyloops/samoa.webp',
      false
    ),
    (
      '30000000-0000-4000-8000-0000000000bf',
      2,
      'text',
      'A quel pays appartient le drapeau ci-dessus ?',
      '<p>A quel pays appartient le drapeau ci-dessus ?</p>',
      null,
      false
    ),
    (
      '30000000-0000-4000-8000-0000000000bf',
      3,
      'text',
      'Samoa (Océanie)',
      '<p>Samoa (Océanie)</p>',
      null,
      true
    ),
    (
      '30000000-0000-4000-8000-0000000000c0',
      1,
      'image',
      null,
      null,
      'https://f003.backblazeb2.com/file/notyloops/tonga.webp',
      false
    ),
    (
      '30000000-0000-4000-8000-0000000000c0',
      2,
      'text',
      'A quel pays appartient le drapeau ci-dessus ?',
      '<p>A quel pays appartient le drapeau ci-dessus ?</p>',
      null,
      false
    ),
    (
      '30000000-0000-4000-8000-0000000000c0',
      3,
      'text',
      'Tonga (Océanie)',
      '<p>Tonga (Océanie)</p>',
      null,
      true
    ),
    (
      '30000000-0000-4000-8000-0000000000c1',
      1,
      'image',
      null,
      null,
      'https://f003.backblazeb2.com/file/notyloops/tuvalu.webp',
      false
    ),
    (
      '30000000-0000-4000-8000-0000000000c1',
      2,
      'text',
      'A quel pays appartient le drapeau ci-dessus ?',
      '<p>A quel pays appartient le drapeau ci-dessus ?</p>',
      null,
      false
    ),
    (
      '30000000-0000-4000-8000-0000000000c1',
      3,
      'text',
      'Tuvalu (Océanie)',
      '<p>Tuvalu (Océanie)</p>',
      null,
      true
    ),
    (
      '30000000-0000-4000-8000-0000000000c2',
      1,
      'image',
      null,
      null,
      'https://f003.backblazeb2.com/file/notyloops/vanuatu.webp',
      false
    ),
    (
      '30000000-0000-4000-8000-0000000000c2',
      2,
      'text',
      'A quel pays appartient le drapeau ci-dessus ?',
      '<p>A quel pays appartient le drapeau ci-dessus ?</p>',
      null,
      false
    ),
    (
      '30000000-0000-4000-8000-0000000000c2',
      3,
      'text',
      'Vanuatu (Océanie)',
      '<p>Vanuatu (Océanie)</p>',
      null,
      true
    );

INSERT INTO note_tags (user_id, note_id, tag_id)
VALUES
  ('10000000-0000-4000-8000-000000000002', '30000000-0000-4000-8000-000000000001', '20000000-0000-4000-8000-000000000001'),
  ('10000000-0000-4000-8000-000000000002', '30000000-0000-4000-8000-000000000001', '20000000-0000-4000-8000-000000000005'),
  ('10000000-0000-4000-8000-000000000002', '30000000-0000-4000-8000-000000000002', '20000000-0000-4000-8000-000000000001'),
  ('10000000-0000-4000-8000-000000000002', '30000000-0000-4000-8000-000000000002', '20000000-0000-4000-8000-000000000005'),
  ('10000000-0000-4000-8000-000000000002', '30000000-0000-4000-8000-000000000003', '20000000-0000-4000-8000-000000000001'),
  ('10000000-0000-4000-8000-000000000002', '30000000-0000-4000-8000-000000000003', '20000000-0000-4000-8000-000000000005'),
  ('10000000-0000-4000-8000-000000000002', '30000000-0000-4000-8000-000000000004', '20000000-0000-4000-8000-000000000001'),
  ('10000000-0000-4000-8000-000000000002', '30000000-0000-4000-8000-000000000004', '20000000-0000-4000-8000-000000000005'),
  ('10000000-0000-4000-8000-000000000002', '30000000-0000-4000-8000-000000000005', '20000000-0000-4000-8000-000000000001'),
  ('10000000-0000-4000-8000-000000000002', '30000000-0000-4000-8000-000000000005', '20000000-0000-4000-8000-000000000005'),
  ('10000000-0000-4000-8000-000000000002', '30000000-0000-4000-8000-000000000006', '20000000-0000-4000-8000-000000000001'),
  ('10000000-0000-4000-8000-000000000002', '30000000-0000-4000-8000-000000000006', '20000000-0000-4000-8000-000000000005'),
  ('10000000-0000-4000-8000-000000000002', '30000000-0000-4000-8000-000000000007', '20000000-0000-4000-8000-000000000001'),
  ('10000000-0000-4000-8000-000000000002', '30000000-0000-4000-8000-000000000007', '20000000-0000-4000-8000-000000000005'),
  ('10000000-0000-4000-8000-000000000002', '30000000-0000-4000-8000-000000000008', '20000000-0000-4000-8000-000000000001'),
  ('10000000-0000-4000-8000-000000000002', '30000000-0000-4000-8000-000000000008', '20000000-0000-4000-8000-000000000005'),
  ('10000000-0000-4000-8000-000000000002', '30000000-0000-4000-8000-000000000009', '20000000-0000-4000-8000-000000000001'),
  ('10000000-0000-4000-8000-000000000002', '30000000-0000-4000-8000-000000000009', '20000000-0000-4000-8000-000000000005'),
  ('10000000-0000-4000-8000-000000000002', '30000000-0000-4000-8000-00000000000a', '20000000-0000-4000-8000-000000000001'),
  ('10000000-0000-4000-8000-000000000002', '30000000-0000-4000-8000-00000000000a', '20000000-0000-4000-8000-000000000005'),
  ('10000000-0000-4000-8000-000000000002', '30000000-0000-4000-8000-00000000000b', '20000000-0000-4000-8000-000000000001'),
  ('10000000-0000-4000-8000-000000000002', '30000000-0000-4000-8000-00000000000b', '20000000-0000-4000-8000-000000000005'),
  ('10000000-0000-4000-8000-000000000002', '30000000-0000-4000-8000-00000000000c', '20000000-0000-4000-8000-000000000001'),
  ('10000000-0000-4000-8000-000000000002', '30000000-0000-4000-8000-00000000000c', '20000000-0000-4000-8000-000000000005'),
  ('10000000-0000-4000-8000-000000000002', '30000000-0000-4000-8000-00000000000d', '20000000-0000-4000-8000-000000000001'),
  ('10000000-0000-4000-8000-000000000002', '30000000-0000-4000-8000-00000000000d', '20000000-0000-4000-8000-000000000005'),
  ('10000000-0000-4000-8000-000000000002', '30000000-0000-4000-8000-00000000000e', '20000000-0000-4000-8000-000000000001'),
  ('10000000-0000-4000-8000-000000000002', '30000000-0000-4000-8000-00000000000e', '20000000-0000-4000-8000-000000000005'),
  ('10000000-0000-4000-8000-000000000002', '30000000-0000-4000-8000-00000000000f', '20000000-0000-4000-8000-000000000001'),
  ('10000000-0000-4000-8000-000000000002', '30000000-0000-4000-8000-00000000000f', '20000000-0000-4000-8000-000000000005'),
  ('10000000-0000-4000-8000-000000000002', '30000000-0000-4000-8000-000000000010', '20000000-0000-4000-8000-000000000001'),
  ('10000000-0000-4000-8000-000000000002', '30000000-0000-4000-8000-000000000010', '20000000-0000-4000-8000-000000000005'),
  ('10000000-0000-4000-8000-000000000002', '30000000-0000-4000-8000-000000000011', '20000000-0000-4000-8000-000000000001'),
  ('10000000-0000-4000-8000-000000000002', '30000000-0000-4000-8000-000000000011', '20000000-0000-4000-8000-000000000005'),
  ('10000000-0000-4000-8000-000000000002', '30000000-0000-4000-8000-000000000012', '20000000-0000-4000-8000-000000000001'),
  ('10000000-0000-4000-8000-000000000002', '30000000-0000-4000-8000-000000000012', '20000000-0000-4000-8000-000000000005'),
  ('10000000-0000-4000-8000-000000000002', '30000000-0000-4000-8000-000000000013', '20000000-0000-4000-8000-000000000001'),
  ('10000000-0000-4000-8000-000000000002', '30000000-0000-4000-8000-000000000013', '20000000-0000-4000-8000-000000000005'),
  ('10000000-0000-4000-8000-000000000002', '30000000-0000-4000-8000-000000000014', '20000000-0000-4000-8000-000000000001'),
  ('10000000-0000-4000-8000-000000000002', '30000000-0000-4000-8000-000000000014', '20000000-0000-4000-8000-000000000005'),
  ('10000000-0000-4000-8000-000000000002', '30000000-0000-4000-8000-000000000015', '20000000-0000-4000-8000-000000000001'),
  ('10000000-0000-4000-8000-000000000002', '30000000-0000-4000-8000-000000000015', '20000000-0000-4000-8000-000000000005'),
  ('10000000-0000-4000-8000-000000000002', '30000000-0000-4000-8000-000000000016', '20000000-0000-4000-8000-000000000001'),
  ('10000000-0000-4000-8000-000000000002', '30000000-0000-4000-8000-000000000016', '20000000-0000-4000-8000-000000000005'),
  ('10000000-0000-4000-8000-000000000002', '30000000-0000-4000-8000-000000000017', '20000000-0000-4000-8000-000000000001'),
  ('10000000-0000-4000-8000-000000000002', '30000000-0000-4000-8000-000000000017', '20000000-0000-4000-8000-000000000005'),
  ('10000000-0000-4000-8000-000000000002', '30000000-0000-4000-8000-000000000018', '20000000-0000-4000-8000-000000000001'),
  ('10000000-0000-4000-8000-000000000002', '30000000-0000-4000-8000-000000000018', '20000000-0000-4000-8000-000000000005'),
  ('10000000-0000-4000-8000-000000000002', '30000000-0000-4000-8000-000000000019', '20000000-0000-4000-8000-000000000001'),
  ('10000000-0000-4000-8000-000000000002', '30000000-0000-4000-8000-000000000019', '20000000-0000-4000-8000-000000000005'),
  ('10000000-0000-4000-8000-000000000002', '30000000-0000-4000-8000-00000000001a', '20000000-0000-4000-8000-000000000001'),
  ('10000000-0000-4000-8000-000000000002', '30000000-0000-4000-8000-00000000001a', '20000000-0000-4000-8000-000000000005'),
  ('10000000-0000-4000-8000-000000000002', '30000000-0000-4000-8000-00000000001b', '20000000-0000-4000-8000-000000000001'),
  ('10000000-0000-4000-8000-000000000002', '30000000-0000-4000-8000-00000000001b', '20000000-0000-4000-8000-000000000005'),
  ('10000000-0000-4000-8000-000000000002', '30000000-0000-4000-8000-00000000001c', '20000000-0000-4000-8000-000000000001'),
  ('10000000-0000-4000-8000-000000000002', '30000000-0000-4000-8000-00000000001c', '20000000-0000-4000-8000-000000000005'),
  ('10000000-0000-4000-8000-000000000002', '30000000-0000-4000-8000-00000000001d', '20000000-0000-4000-8000-000000000001'),
  ('10000000-0000-4000-8000-000000000002', '30000000-0000-4000-8000-00000000001d', '20000000-0000-4000-8000-000000000005'),
  ('10000000-0000-4000-8000-000000000002', '30000000-0000-4000-8000-00000000001e', '20000000-0000-4000-8000-000000000001'),
  ('10000000-0000-4000-8000-000000000002', '30000000-0000-4000-8000-00000000001e', '20000000-0000-4000-8000-000000000005'),
  ('10000000-0000-4000-8000-000000000002', '30000000-0000-4000-8000-00000000001f', '20000000-0000-4000-8000-000000000001'),
  ('10000000-0000-4000-8000-000000000002', '30000000-0000-4000-8000-00000000001f', '20000000-0000-4000-8000-000000000005'),
  ('10000000-0000-4000-8000-000000000002', '30000000-0000-4000-8000-000000000020', '20000000-0000-4000-8000-000000000001'),
  ('10000000-0000-4000-8000-000000000002', '30000000-0000-4000-8000-000000000020', '20000000-0000-4000-8000-000000000005'),
  ('10000000-0000-4000-8000-000000000002', '30000000-0000-4000-8000-000000000021', '20000000-0000-4000-8000-000000000001'),
  ('10000000-0000-4000-8000-000000000002', '30000000-0000-4000-8000-000000000021', '20000000-0000-4000-8000-000000000005'),
  ('10000000-0000-4000-8000-000000000002', '30000000-0000-4000-8000-000000000022', '20000000-0000-4000-8000-000000000001'),
  ('10000000-0000-4000-8000-000000000002', '30000000-0000-4000-8000-000000000022', '20000000-0000-4000-8000-000000000005'),
  ('10000000-0000-4000-8000-000000000002', '30000000-0000-4000-8000-000000000023', '20000000-0000-4000-8000-000000000001'),
  ('10000000-0000-4000-8000-000000000002', '30000000-0000-4000-8000-000000000023', '20000000-0000-4000-8000-000000000005'),
  ('10000000-0000-4000-8000-000000000002', '30000000-0000-4000-8000-000000000024', '20000000-0000-4000-8000-000000000001'),
  ('10000000-0000-4000-8000-000000000002', '30000000-0000-4000-8000-000000000024', '20000000-0000-4000-8000-000000000005'),
  ('10000000-0000-4000-8000-000000000002', '30000000-0000-4000-8000-000000000025', '20000000-0000-4000-8000-000000000001'),
  ('10000000-0000-4000-8000-000000000002', '30000000-0000-4000-8000-000000000025', '20000000-0000-4000-8000-000000000005'),
  ('10000000-0000-4000-8000-000000000002', '30000000-0000-4000-8000-000000000026', '20000000-0000-4000-8000-000000000001'),
  ('10000000-0000-4000-8000-000000000002', '30000000-0000-4000-8000-000000000026', '20000000-0000-4000-8000-000000000005'),
  ('10000000-0000-4000-8000-000000000002', '30000000-0000-4000-8000-000000000027', '20000000-0000-4000-8000-000000000001'),
  ('10000000-0000-4000-8000-000000000002', '30000000-0000-4000-8000-000000000027', '20000000-0000-4000-8000-000000000005'),
  ('10000000-0000-4000-8000-000000000002', '30000000-0000-4000-8000-000000000028', '20000000-0000-4000-8000-000000000001'),
  ('10000000-0000-4000-8000-000000000002', '30000000-0000-4000-8000-000000000028', '20000000-0000-4000-8000-000000000005'),
  ('10000000-0000-4000-8000-000000000002', '30000000-0000-4000-8000-000000000029', '20000000-0000-4000-8000-000000000001'),
  ('10000000-0000-4000-8000-000000000002', '30000000-0000-4000-8000-000000000029', '20000000-0000-4000-8000-000000000005'),
  ('10000000-0000-4000-8000-000000000002', '30000000-0000-4000-8000-00000000002a', '20000000-0000-4000-8000-000000000001'),
  ('10000000-0000-4000-8000-000000000002', '30000000-0000-4000-8000-00000000002a', '20000000-0000-4000-8000-000000000005'),
  ('10000000-0000-4000-8000-000000000002', '30000000-0000-4000-8000-00000000002b', '20000000-0000-4000-8000-000000000001'),
  ('10000000-0000-4000-8000-000000000002', '30000000-0000-4000-8000-00000000002b', '20000000-0000-4000-8000-000000000005'),
  ('10000000-0000-4000-8000-000000000002', '30000000-0000-4000-8000-00000000002c', '20000000-0000-4000-8000-000000000001'),
  ('10000000-0000-4000-8000-000000000002', '30000000-0000-4000-8000-00000000002c', '20000000-0000-4000-8000-000000000005'),
  ('10000000-0000-4000-8000-000000000002', '30000000-0000-4000-8000-00000000002d', '20000000-0000-4000-8000-000000000001'),
  ('10000000-0000-4000-8000-000000000002', '30000000-0000-4000-8000-00000000002d', '20000000-0000-4000-8000-000000000005'),
  ('10000000-0000-4000-8000-000000000002', '30000000-0000-4000-8000-00000000002e', '20000000-0000-4000-8000-000000000001'),
  ('10000000-0000-4000-8000-000000000002', '30000000-0000-4000-8000-00000000002e', '20000000-0000-4000-8000-000000000005'),
  ('10000000-0000-4000-8000-000000000002', '30000000-0000-4000-8000-00000000002f', '20000000-0000-4000-8000-000000000001'),
  ('10000000-0000-4000-8000-000000000002', '30000000-0000-4000-8000-00000000002f', '20000000-0000-4000-8000-000000000005'),
  ('10000000-0000-4000-8000-000000000002', '30000000-0000-4000-8000-000000000030', '20000000-0000-4000-8000-000000000001'),
  ('10000000-0000-4000-8000-000000000002', '30000000-0000-4000-8000-000000000030', '20000000-0000-4000-8000-000000000005'),
  ('10000000-0000-4000-8000-000000000002', '30000000-0000-4000-8000-000000000031', '20000000-0000-4000-8000-000000000001'),
  ('10000000-0000-4000-8000-000000000002', '30000000-0000-4000-8000-000000000031', '20000000-0000-4000-8000-000000000005'),
  ('10000000-0000-4000-8000-000000000002', '30000000-0000-4000-8000-000000000032', '20000000-0000-4000-8000-000000000001'),
  ('10000000-0000-4000-8000-000000000002', '30000000-0000-4000-8000-000000000032', '20000000-0000-4000-8000-000000000005'),
  ('10000000-0000-4000-8000-000000000002', '30000000-0000-4000-8000-000000000033', '20000000-0000-4000-8000-000000000001'),
  ('10000000-0000-4000-8000-000000000002', '30000000-0000-4000-8000-000000000033', '20000000-0000-4000-8000-000000000005'),
  ('10000000-0000-4000-8000-000000000002', '30000000-0000-4000-8000-000000000034', '20000000-0000-4000-8000-000000000001'),
  ('10000000-0000-4000-8000-000000000002', '30000000-0000-4000-8000-000000000034', '20000000-0000-4000-8000-000000000005'),
  ('10000000-0000-4000-8000-000000000002', '30000000-0000-4000-8000-000000000035', '20000000-0000-4000-8000-000000000001'),
  ('10000000-0000-4000-8000-000000000002', '30000000-0000-4000-8000-000000000035', '20000000-0000-4000-8000-000000000005'),
  ('10000000-0000-4000-8000-000000000002', '30000000-0000-4000-8000-000000000036', '20000000-0000-4000-8000-000000000001'),
  ('10000000-0000-4000-8000-000000000002', '30000000-0000-4000-8000-000000000036', '20000000-0000-4000-8000-000000000005'),
  ('10000000-0000-4000-8000-000000000002', '30000000-0000-4000-8000-000000000037', '20000000-0000-4000-8000-000000000002'),
  ('10000000-0000-4000-8000-000000000002', '30000000-0000-4000-8000-000000000037', '20000000-0000-4000-8000-000000000005'),
  ('10000000-0000-4000-8000-000000000002', '30000000-0000-4000-8000-000000000038', '20000000-0000-4000-8000-000000000002'),
  ('10000000-0000-4000-8000-000000000002', '30000000-0000-4000-8000-000000000038', '20000000-0000-4000-8000-000000000005'),
  ('10000000-0000-4000-8000-000000000002', '30000000-0000-4000-8000-000000000039', '20000000-0000-4000-8000-000000000002'),
  ('10000000-0000-4000-8000-000000000002', '30000000-0000-4000-8000-000000000039', '20000000-0000-4000-8000-000000000005'),
  ('10000000-0000-4000-8000-000000000002', '30000000-0000-4000-8000-00000000003a', '20000000-0000-4000-8000-000000000002'),
  ('10000000-0000-4000-8000-000000000002', '30000000-0000-4000-8000-00000000003a', '20000000-0000-4000-8000-000000000005'),
  ('10000000-0000-4000-8000-000000000002', '30000000-0000-4000-8000-00000000003b', '20000000-0000-4000-8000-000000000002'),
  ('10000000-0000-4000-8000-000000000002', '30000000-0000-4000-8000-00000000003b', '20000000-0000-4000-8000-000000000005'),
  ('10000000-0000-4000-8000-000000000002', '30000000-0000-4000-8000-00000000003c', '20000000-0000-4000-8000-000000000002'),
  ('10000000-0000-4000-8000-000000000002', '30000000-0000-4000-8000-00000000003c', '20000000-0000-4000-8000-000000000005'),
  ('10000000-0000-4000-8000-000000000002', '30000000-0000-4000-8000-00000000003d', '20000000-0000-4000-8000-000000000002'),
  ('10000000-0000-4000-8000-000000000002', '30000000-0000-4000-8000-00000000003d', '20000000-0000-4000-8000-000000000005'),
  ('10000000-0000-4000-8000-000000000002', '30000000-0000-4000-8000-00000000003e', '20000000-0000-4000-8000-000000000002'),
  ('10000000-0000-4000-8000-000000000002', '30000000-0000-4000-8000-00000000003e', '20000000-0000-4000-8000-000000000005'),
  ('10000000-0000-4000-8000-000000000002', '30000000-0000-4000-8000-00000000003f', '20000000-0000-4000-8000-000000000002'),
  ('10000000-0000-4000-8000-000000000002', '30000000-0000-4000-8000-00000000003f', '20000000-0000-4000-8000-000000000005'),
  ('10000000-0000-4000-8000-000000000002', '30000000-0000-4000-8000-000000000040', '20000000-0000-4000-8000-000000000002'),
  ('10000000-0000-4000-8000-000000000002', '30000000-0000-4000-8000-000000000040', '20000000-0000-4000-8000-000000000005'),
  ('10000000-0000-4000-8000-000000000002', '30000000-0000-4000-8000-000000000041', '20000000-0000-4000-8000-000000000002'),
  ('10000000-0000-4000-8000-000000000002', '30000000-0000-4000-8000-000000000041', '20000000-0000-4000-8000-000000000005'),
  ('10000000-0000-4000-8000-000000000002', '30000000-0000-4000-8000-000000000042', '20000000-0000-4000-8000-000000000002'),
  ('10000000-0000-4000-8000-000000000002', '30000000-0000-4000-8000-000000000042', '20000000-0000-4000-8000-000000000005'),
  ('10000000-0000-4000-8000-000000000002', '30000000-0000-4000-8000-000000000043', '20000000-0000-4000-8000-000000000002'),
  ('10000000-0000-4000-8000-000000000002', '30000000-0000-4000-8000-000000000043', '20000000-0000-4000-8000-000000000005'),
  ('10000000-0000-4000-8000-000000000002', '30000000-0000-4000-8000-000000000044', '20000000-0000-4000-8000-000000000002'),
  ('10000000-0000-4000-8000-000000000002', '30000000-0000-4000-8000-000000000044', '20000000-0000-4000-8000-000000000005'),
  ('10000000-0000-4000-8000-000000000002', '30000000-0000-4000-8000-000000000045', '20000000-0000-4000-8000-000000000002'),
  ('10000000-0000-4000-8000-000000000002', '30000000-0000-4000-8000-000000000045', '20000000-0000-4000-8000-000000000005'),
  ('10000000-0000-4000-8000-000000000002', '30000000-0000-4000-8000-000000000046', '20000000-0000-4000-8000-000000000002'),
  ('10000000-0000-4000-8000-000000000002', '30000000-0000-4000-8000-000000000046', '20000000-0000-4000-8000-000000000005'),
  ('10000000-0000-4000-8000-000000000002', '30000000-0000-4000-8000-000000000047', '20000000-0000-4000-8000-000000000002'),
  ('10000000-0000-4000-8000-000000000002', '30000000-0000-4000-8000-000000000047', '20000000-0000-4000-8000-000000000005'),
  ('10000000-0000-4000-8000-000000000002', '30000000-0000-4000-8000-000000000048', '20000000-0000-4000-8000-000000000002'),
  ('10000000-0000-4000-8000-000000000002', '30000000-0000-4000-8000-000000000048', '20000000-0000-4000-8000-000000000005'),
  ('10000000-0000-4000-8000-000000000002', '30000000-0000-4000-8000-000000000049', '20000000-0000-4000-8000-000000000002'),
  ('10000000-0000-4000-8000-000000000002', '30000000-0000-4000-8000-000000000049', '20000000-0000-4000-8000-000000000005'),
  ('10000000-0000-4000-8000-000000000002', '30000000-0000-4000-8000-00000000004a', '20000000-0000-4000-8000-000000000002'),
  ('10000000-0000-4000-8000-000000000002', '30000000-0000-4000-8000-00000000004a', '20000000-0000-4000-8000-000000000005'),
  ('10000000-0000-4000-8000-000000000002', '30000000-0000-4000-8000-00000000004b', '20000000-0000-4000-8000-000000000002'),
  ('10000000-0000-4000-8000-000000000002', '30000000-0000-4000-8000-00000000004b', '20000000-0000-4000-8000-000000000005'),
  ('10000000-0000-4000-8000-000000000002', '30000000-0000-4000-8000-00000000004c', '20000000-0000-4000-8000-000000000002'),
  ('10000000-0000-4000-8000-000000000002', '30000000-0000-4000-8000-00000000004c', '20000000-0000-4000-8000-000000000005'),
  ('10000000-0000-4000-8000-000000000002', '30000000-0000-4000-8000-00000000004d', '20000000-0000-4000-8000-000000000002'),
  ('10000000-0000-4000-8000-000000000002', '30000000-0000-4000-8000-00000000004d', '20000000-0000-4000-8000-000000000005'),
  ('10000000-0000-4000-8000-000000000002', '30000000-0000-4000-8000-00000000004e', '20000000-0000-4000-8000-000000000003'),
  ('10000000-0000-4000-8000-000000000002', '30000000-0000-4000-8000-00000000004e', '20000000-0000-4000-8000-000000000005'),
  ('10000000-0000-4000-8000-000000000002', '30000000-0000-4000-8000-00000000004f', '20000000-0000-4000-8000-000000000003'),
  ('10000000-0000-4000-8000-000000000002', '30000000-0000-4000-8000-00000000004f', '20000000-0000-4000-8000-000000000005'),
  ('10000000-0000-4000-8000-000000000002', '30000000-0000-4000-8000-000000000050', '20000000-0000-4000-8000-000000000003'),
  ('10000000-0000-4000-8000-000000000002', '30000000-0000-4000-8000-000000000050', '20000000-0000-4000-8000-000000000005'),
  ('10000000-0000-4000-8000-000000000002', '30000000-0000-4000-8000-000000000051', '20000000-0000-4000-8000-000000000003'),
  ('10000000-0000-4000-8000-000000000002', '30000000-0000-4000-8000-000000000051', '20000000-0000-4000-8000-000000000005'),
  ('10000000-0000-4000-8000-000000000002', '30000000-0000-4000-8000-000000000052', '20000000-0000-4000-8000-000000000003'),
  ('10000000-0000-4000-8000-000000000002', '30000000-0000-4000-8000-000000000052', '20000000-0000-4000-8000-000000000005'),
  ('10000000-0000-4000-8000-000000000002', '30000000-0000-4000-8000-000000000053', '20000000-0000-4000-8000-000000000003'),
  ('10000000-0000-4000-8000-000000000002', '30000000-0000-4000-8000-000000000053', '20000000-0000-4000-8000-000000000005'),
  ('10000000-0000-4000-8000-000000000002', '30000000-0000-4000-8000-000000000054', '20000000-0000-4000-8000-000000000003'),
  ('10000000-0000-4000-8000-000000000002', '30000000-0000-4000-8000-000000000054', '20000000-0000-4000-8000-000000000005'),
  ('10000000-0000-4000-8000-000000000002', '30000000-0000-4000-8000-000000000055', '20000000-0000-4000-8000-000000000003'),
  ('10000000-0000-4000-8000-000000000002', '30000000-0000-4000-8000-000000000055', '20000000-0000-4000-8000-000000000005'),
  ('10000000-0000-4000-8000-000000000002', '30000000-0000-4000-8000-000000000056', '20000000-0000-4000-8000-000000000003'),
  ('10000000-0000-4000-8000-000000000002', '30000000-0000-4000-8000-000000000056', '20000000-0000-4000-8000-000000000005'),
  ('10000000-0000-4000-8000-000000000002', '30000000-0000-4000-8000-000000000057', '20000000-0000-4000-8000-000000000003'),
  ('10000000-0000-4000-8000-000000000002', '30000000-0000-4000-8000-000000000057', '20000000-0000-4000-8000-000000000005'),
  ('10000000-0000-4000-8000-000000000002', '30000000-0000-4000-8000-000000000058', '20000000-0000-4000-8000-000000000003'),
  ('10000000-0000-4000-8000-000000000002', '30000000-0000-4000-8000-000000000058', '20000000-0000-4000-8000-000000000005'),
  ('10000000-0000-4000-8000-000000000002', '30000000-0000-4000-8000-000000000059', '20000000-0000-4000-8000-000000000003'),
  ('10000000-0000-4000-8000-000000000002', '30000000-0000-4000-8000-000000000059', '20000000-0000-4000-8000-000000000005'),
  ('10000000-0000-4000-8000-000000000002', '30000000-0000-4000-8000-00000000005a', '20000000-0000-4000-8000-000000000004'),
  ('10000000-0000-4000-8000-000000000002', '30000000-0000-4000-8000-00000000005a', '20000000-0000-4000-8000-000000000005'),
  ('10000000-0000-4000-8000-000000000002', '30000000-0000-4000-8000-00000000005b', '20000000-0000-4000-8000-000000000004'),
  ('10000000-0000-4000-8000-000000000002', '30000000-0000-4000-8000-00000000005b', '20000000-0000-4000-8000-000000000005'),
  ('10000000-0000-4000-8000-000000000002', '30000000-0000-4000-8000-00000000005c', '20000000-0000-4000-8000-000000000004'),
  ('10000000-0000-4000-8000-000000000002', '30000000-0000-4000-8000-00000000005c', '20000000-0000-4000-8000-000000000005'),
  ('10000000-0000-4000-8000-000000000002', '30000000-0000-4000-8000-00000000005d', '20000000-0000-4000-8000-000000000004'),
  ('10000000-0000-4000-8000-000000000002', '30000000-0000-4000-8000-00000000005d', '20000000-0000-4000-8000-000000000005'),
  ('10000000-0000-4000-8000-000000000002', '30000000-0000-4000-8000-00000000005e', '20000000-0000-4000-8000-000000000004'),
  ('10000000-0000-4000-8000-000000000002', '30000000-0000-4000-8000-00000000005e', '20000000-0000-4000-8000-000000000005'),
  ('10000000-0000-4000-8000-000000000002', '30000000-0000-4000-8000-00000000005f', '20000000-0000-4000-8000-000000000004'),
  ('10000000-0000-4000-8000-000000000002', '30000000-0000-4000-8000-00000000005f', '20000000-0000-4000-8000-000000000005'),
  ('10000000-0000-4000-8000-000000000002', '30000000-0000-4000-8000-000000000060', '20000000-0000-4000-8000-000000000004'),
  ('10000000-0000-4000-8000-000000000002', '30000000-0000-4000-8000-000000000060', '20000000-0000-4000-8000-000000000005'),
  ('10000000-0000-4000-8000-000000000002', '30000000-0000-4000-8000-000000000061', '20000000-0000-4000-8000-000000000004'),
  ('10000000-0000-4000-8000-000000000002', '30000000-0000-4000-8000-000000000061', '20000000-0000-4000-8000-000000000005'),
  ('10000000-0000-4000-8000-000000000002', '30000000-0000-4000-8000-000000000062', '20000000-0000-4000-8000-000000000004'),
  ('10000000-0000-4000-8000-000000000002', '30000000-0000-4000-8000-000000000062', '20000000-0000-4000-8000-000000000005'),
  ('10000000-0000-4000-8000-000000000002', '30000000-0000-4000-8000-000000000063', '20000000-0000-4000-8000-000000000004'),
  ('10000000-0000-4000-8000-000000000002', '30000000-0000-4000-8000-000000000063', '20000000-0000-4000-8000-000000000005'),
  ('10000000-0000-4000-8000-000000000002', '30000000-0000-4000-8000-000000000064', '20000000-0000-4000-8000-000000000004'),
  ('10000000-0000-4000-8000-000000000002', '30000000-0000-4000-8000-000000000064', '20000000-0000-4000-8000-000000000005'),
  ('10000000-0000-4000-8000-000000000002', '30000000-0000-4000-8000-000000000065', '20000000-0000-4000-8000-000000000004'),
  ('10000000-0000-4000-8000-000000000002', '30000000-0000-4000-8000-000000000065', '20000000-0000-4000-8000-000000000005'),
  ('10000000-0000-4000-8000-000000000002', '30000000-0000-4000-8000-000000000066', '20000000-0000-4000-8000-000000000004'),
  ('10000000-0000-4000-8000-000000000002', '30000000-0000-4000-8000-000000000066', '20000000-0000-4000-8000-000000000005'),
  ('10000000-0000-4000-8000-000000000002', '30000000-0000-4000-8000-000000000067', '20000000-0000-4000-8000-000000000004'),
  ('10000000-0000-4000-8000-000000000002', '30000000-0000-4000-8000-000000000067', '20000000-0000-4000-8000-000000000005'),
  ('10000000-0000-4000-8000-000000000002', '30000000-0000-4000-8000-000000000068', '20000000-0000-4000-8000-000000000004'),
  ('10000000-0000-4000-8000-000000000002', '30000000-0000-4000-8000-000000000068', '20000000-0000-4000-8000-000000000005'),
  ('10000000-0000-4000-8000-000000000002', '30000000-0000-4000-8000-000000000069', '20000000-0000-4000-8000-000000000004'),
  ('10000000-0000-4000-8000-000000000002', '30000000-0000-4000-8000-000000000069', '20000000-0000-4000-8000-000000000005'),
  ('10000000-0000-4000-8000-000000000002', '30000000-0000-4000-8000-00000000006a', '20000000-0000-4000-8000-000000000004'),
  ('10000000-0000-4000-8000-000000000002', '30000000-0000-4000-8000-00000000006a', '20000000-0000-4000-8000-000000000005'),
  ('10000000-0000-4000-8000-000000000002', '30000000-0000-4000-8000-00000000006b', '20000000-0000-4000-8000-000000000004'),
  ('10000000-0000-4000-8000-000000000002', '30000000-0000-4000-8000-00000000006b', '20000000-0000-4000-8000-000000000005'),
  ('10000000-0000-4000-8000-000000000002', '30000000-0000-4000-8000-00000000006c', '20000000-0000-4000-8000-000000000004'),
  ('10000000-0000-4000-8000-000000000002', '30000000-0000-4000-8000-00000000006c', '20000000-0000-4000-8000-000000000005'),
  ('10000000-0000-4000-8000-000000000002', '30000000-0000-4000-8000-00000000006d', '20000000-0000-4000-8000-000000000004'),
  ('10000000-0000-4000-8000-000000000002', '30000000-0000-4000-8000-00000000006d', '20000000-0000-4000-8000-000000000005'),
  ('10000000-0000-4000-8000-000000000002', '30000000-0000-4000-8000-00000000006e', '20000000-0000-4000-8000-000000000004'),
  ('10000000-0000-4000-8000-000000000002', '30000000-0000-4000-8000-00000000006e', '20000000-0000-4000-8000-000000000005'),
  ('10000000-0000-4000-8000-000000000002', '30000000-0000-4000-8000-00000000006f', '20000000-0000-4000-8000-000000000004'),
  ('10000000-0000-4000-8000-000000000002', '30000000-0000-4000-8000-00000000006f', '20000000-0000-4000-8000-000000000005'),
  ('10000000-0000-4000-8000-000000000002', '30000000-0000-4000-8000-000000000070', '20000000-0000-4000-8000-000000000004'),
  ('10000000-0000-4000-8000-000000000002', '30000000-0000-4000-8000-000000000070', '20000000-0000-4000-8000-000000000005'),
  ('10000000-0000-4000-8000-000000000002', '30000000-0000-4000-8000-000000000071', '20000000-0000-4000-8000-000000000004'),
  ('10000000-0000-4000-8000-000000000002', '30000000-0000-4000-8000-000000000071', '20000000-0000-4000-8000-000000000005'),
  ('10000000-0000-4000-8000-000000000002', '30000000-0000-4000-8000-000000000072', '20000000-0000-4000-8000-000000000004'),
  ('10000000-0000-4000-8000-000000000002', '30000000-0000-4000-8000-000000000072', '20000000-0000-4000-8000-000000000005'),
  ('10000000-0000-4000-8000-000000000002', '30000000-0000-4000-8000-000000000073', '20000000-0000-4000-8000-000000000004'),
  ('10000000-0000-4000-8000-000000000002', '30000000-0000-4000-8000-000000000073', '20000000-0000-4000-8000-000000000005'),
  ('10000000-0000-4000-8000-000000000002', '30000000-0000-4000-8000-000000000074', '20000000-0000-4000-8000-000000000004'),
  ('10000000-0000-4000-8000-000000000002', '30000000-0000-4000-8000-000000000074', '20000000-0000-4000-8000-000000000005'),
  ('10000000-0000-4000-8000-000000000002', '30000000-0000-4000-8000-000000000075', '20000000-0000-4000-8000-000000000004'),
  ('10000000-0000-4000-8000-000000000002', '30000000-0000-4000-8000-000000000075', '20000000-0000-4000-8000-000000000005'),
  ('10000000-0000-4000-8000-000000000002', '30000000-0000-4000-8000-000000000076', '20000000-0000-4000-8000-000000000004'),
  ('10000000-0000-4000-8000-000000000002', '30000000-0000-4000-8000-000000000076', '20000000-0000-4000-8000-000000000005'),
  ('10000000-0000-4000-8000-000000000002', '30000000-0000-4000-8000-000000000077', '20000000-0000-4000-8000-000000000004'),
  ('10000000-0000-4000-8000-000000000002', '30000000-0000-4000-8000-000000000077', '20000000-0000-4000-8000-000000000005'),
  ('10000000-0000-4000-8000-000000000002', '30000000-0000-4000-8000-000000000078', '20000000-0000-4000-8000-000000000004'),
  ('10000000-0000-4000-8000-000000000002', '30000000-0000-4000-8000-000000000078', '20000000-0000-4000-8000-000000000005'),
  ('10000000-0000-4000-8000-000000000002', '30000000-0000-4000-8000-000000000079', '20000000-0000-4000-8000-000000000004'),
  ('10000000-0000-4000-8000-000000000002', '30000000-0000-4000-8000-000000000079', '20000000-0000-4000-8000-000000000005'),
  ('10000000-0000-4000-8000-000000000002', '30000000-0000-4000-8000-00000000007a', '20000000-0000-4000-8000-000000000004'),
  ('10000000-0000-4000-8000-000000000002', '30000000-0000-4000-8000-00000000007a', '20000000-0000-4000-8000-000000000005'),
  ('10000000-0000-4000-8000-000000000002', '30000000-0000-4000-8000-00000000007b', '20000000-0000-4000-8000-000000000004'),
  ('10000000-0000-4000-8000-000000000002', '30000000-0000-4000-8000-00000000007b', '20000000-0000-4000-8000-000000000005'),
  ('10000000-0000-4000-8000-000000000002', '30000000-0000-4000-8000-00000000007c', '20000000-0000-4000-8000-000000000004'),
  ('10000000-0000-4000-8000-000000000002', '30000000-0000-4000-8000-00000000007c', '20000000-0000-4000-8000-000000000005'),
  ('10000000-0000-4000-8000-000000000002', '30000000-0000-4000-8000-00000000007d', '20000000-0000-4000-8000-000000000004'),
  ('10000000-0000-4000-8000-000000000002', '30000000-0000-4000-8000-00000000007d', '20000000-0000-4000-8000-000000000005'),
  ('10000000-0000-4000-8000-000000000002', '30000000-0000-4000-8000-00000000007e', '20000000-0000-4000-8000-000000000004'),
  ('10000000-0000-4000-8000-000000000002', '30000000-0000-4000-8000-00000000007e', '20000000-0000-4000-8000-000000000005'),
  ('10000000-0000-4000-8000-000000000002', '30000000-0000-4000-8000-00000000007f', '20000000-0000-4000-8000-000000000004'),
  ('10000000-0000-4000-8000-000000000002', '30000000-0000-4000-8000-00000000007f', '20000000-0000-4000-8000-000000000005'),
  ('10000000-0000-4000-8000-000000000002', '30000000-0000-4000-8000-000000000080', '20000000-0000-4000-8000-000000000004'),
  ('10000000-0000-4000-8000-000000000002', '30000000-0000-4000-8000-000000000080', '20000000-0000-4000-8000-000000000005'),
  ('10000000-0000-4000-8000-000000000002', '30000000-0000-4000-8000-000000000081', '20000000-0000-4000-8000-000000000004'),
  ('10000000-0000-4000-8000-000000000002', '30000000-0000-4000-8000-000000000081', '20000000-0000-4000-8000-000000000005'),
  ('10000000-0000-4000-8000-000000000002', '30000000-0000-4000-8000-000000000082', '20000000-0000-4000-8000-000000000004'),
  ('10000000-0000-4000-8000-000000000002', '30000000-0000-4000-8000-000000000082', '20000000-0000-4000-8000-000000000005'),
  ('10000000-0000-4000-8000-000000000002', '30000000-0000-4000-8000-000000000083', '20000000-0000-4000-8000-000000000004'),
  ('10000000-0000-4000-8000-000000000002', '30000000-0000-4000-8000-000000000083', '20000000-0000-4000-8000-000000000005'),
  ('10000000-0000-4000-8000-000000000002', '30000000-0000-4000-8000-000000000084', '20000000-0000-4000-8000-000000000004'),
  ('10000000-0000-4000-8000-000000000002', '30000000-0000-4000-8000-000000000084', '20000000-0000-4000-8000-000000000005'),
  ('10000000-0000-4000-8000-000000000002', '30000000-0000-4000-8000-000000000085', '20000000-0000-4000-8000-000000000004'),
  ('10000000-0000-4000-8000-000000000002', '30000000-0000-4000-8000-000000000085', '20000000-0000-4000-8000-000000000005'),
  ('10000000-0000-4000-8000-000000000002', '30000000-0000-4000-8000-000000000086', '20000000-0000-4000-8000-000000000004'),
  ('10000000-0000-4000-8000-000000000002', '30000000-0000-4000-8000-000000000086', '20000000-0000-4000-8000-000000000005'),
  ('10000000-0000-4000-8000-000000000002', '30000000-0000-4000-8000-000000000087', '20000000-0000-4000-8000-000000000004'),
  ('10000000-0000-4000-8000-000000000002', '30000000-0000-4000-8000-000000000087', '20000000-0000-4000-8000-000000000005'),
  ('10000000-0000-4000-8000-000000000002', '30000000-0000-4000-8000-000000000088', '20000000-0000-4000-8000-000000000006'),
  ('10000000-0000-4000-8000-000000000002', '30000000-0000-4000-8000-000000000088', '20000000-0000-4000-8000-000000000005'),
  ('10000000-0000-4000-8000-000000000002', '30000000-0000-4000-8000-000000000089', '20000000-0000-4000-8000-000000000006'),
  ('10000000-0000-4000-8000-000000000002', '30000000-0000-4000-8000-000000000089', '20000000-0000-4000-8000-000000000005'),
  ('10000000-0000-4000-8000-000000000002', '30000000-0000-4000-8000-00000000008a', '20000000-0000-4000-8000-000000000006'),
  ('10000000-0000-4000-8000-000000000002', '30000000-0000-4000-8000-00000000008a', '20000000-0000-4000-8000-000000000005'),
  ('10000000-0000-4000-8000-000000000002', '30000000-0000-4000-8000-00000000008b', '20000000-0000-4000-8000-000000000006'),
  ('10000000-0000-4000-8000-000000000002', '30000000-0000-4000-8000-00000000008b', '20000000-0000-4000-8000-000000000005'),
  ('10000000-0000-4000-8000-000000000002', '30000000-0000-4000-8000-00000000008c', '20000000-0000-4000-8000-000000000006'),
  ('10000000-0000-4000-8000-000000000002', '30000000-0000-4000-8000-00000000008c', '20000000-0000-4000-8000-000000000005'),
  ('10000000-0000-4000-8000-000000000002', '30000000-0000-4000-8000-00000000008d', '20000000-0000-4000-8000-000000000006'),
  ('10000000-0000-4000-8000-000000000002', '30000000-0000-4000-8000-00000000008d', '20000000-0000-4000-8000-000000000005'),
  ('10000000-0000-4000-8000-000000000002', '30000000-0000-4000-8000-00000000008e', '20000000-0000-4000-8000-000000000006'),
  ('10000000-0000-4000-8000-000000000002', '30000000-0000-4000-8000-00000000008e', '20000000-0000-4000-8000-000000000005'),
  ('10000000-0000-4000-8000-000000000002', '30000000-0000-4000-8000-00000000008f', '20000000-0000-4000-8000-000000000006'),
  ('10000000-0000-4000-8000-000000000002', '30000000-0000-4000-8000-00000000008f', '20000000-0000-4000-8000-000000000005'),
  ('10000000-0000-4000-8000-000000000002', '30000000-0000-4000-8000-000000000090', '20000000-0000-4000-8000-000000000006'),
  ('10000000-0000-4000-8000-000000000002', '30000000-0000-4000-8000-000000000090', '20000000-0000-4000-8000-000000000005'),
  ('10000000-0000-4000-8000-000000000002', '30000000-0000-4000-8000-000000000091', '20000000-0000-4000-8000-000000000006'),
  ('10000000-0000-4000-8000-000000000002', '30000000-0000-4000-8000-000000000091', '20000000-0000-4000-8000-000000000005'),
  ('10000000-0000-4000-8000-000000000002', '30000000-0000-4000-8000-000000000092', '20000000-0000-4000-8000-000000000006'),
  ('10000000-0000-4000-8000-000000000002', '30000000-0000-4000-8000-000000000092', '20000000-0000-4000-8000-000000000005'),
  ('10000000-0000-4000-8000-000000000002', '30000000-0000-4000-8000-000000000093', '20000000-0000-4000-8000-000000000006'),
  ('10000000-0000-4000-8000-000000000002', '30000000-0000-4000-8000-000000000093', '20000000-0000-4000-8000-000000000005'),
  ('10000000-0000-4000-8000-000000000002', '30000000-0000-4000-8000-000000000094', '20000000-0000-4000-8000-000000000006'),
  ('10000000-0000-4000-8000-000000000002', '30000000-0000-4000-8000-000000000094', '20000000-0000-4000-8000-000000000005'),
  ('10000000-0000-4000-8000-000000000002', '30000000-0000-4000-8000-000000000095', '20000000-0000-4000-8000-000000000006'),
  ('10000000-0000-4000-8000-000000000002', '30000000-0000-4000-8000-000000000095', '20000000-0000-4000-8000-000000000005'),
  ('10000000-0000-4000-8000-000000000002', '30000000-0000-4000-8000-000000000096', '20000000-0000-4000-8000-000000000006'),
  ('10000000-0000-4000-8000-000000000002', '30000000-0000-4000-8000-000000000096', '20000000-0000-4000-8000-000000000005'),
  ('10000000-0000-4000-8000-000000000002', '30000000-0000-4000-8000-000000000097', '20000000-0000-4000-8000-000000000006'),
  ('10000000-0000-4000-8000-000000000002', '30000000-0000-4000-8000-000000000097', '20000000-0000-4000-8000-000000000005'),
  ('10000000-0000-4000-8000-000000000002', '30000000-0000-4000-8000-000000000098', '20000000-0000-4000-8000-000000000006'),
  ('10000000-0000-4000-8000-000000000002', '30000000-0000-4000-8000-000000000098', '20000000-0000-4000-8000-000000000005'),
  ('10000000-0000-4000-8000-000000000002', '30000000-0000-4000-8000-000000000099', '20000000-0000-4000-8000-000000000006'),
  ('10000000-0000-4000-8000-000000000002', '30000000-0000-4000-8000-000000000099', '20000000-0000-4000-8000-000000000005'),
  ('10000000-0000-4000-8000-000000000002', '30000000-0000-4000-8000-00000000009a', '20000000-0000-4000-8000-000000000006'),
  ('10000000-0000-4000-8000-000000000002', '30000000-0000-4000-8000-00000000009a', '20000000-0000-4000-8000-000000000005'),
  ('10000000-0000-4000-8000-000000000002', '30000000-0000-4000-8000-00000000009b', '20000000-0000-4000-8000-000000000006'),
  ('10000000-0000-4000-8000-000000000002', '30000000-0000-4000-8000-00000000009b', '20000000-0000-4000-8000-000000000005'),
  ('10000000-0000-4000-8000-000000000002', '30000000-0000-4000-8000-00000000009c', '20000000-0000-4000-8000-000000000006'),
  ('10000000-0000-4000-8000-000000000002', '30000000-0000-4000-8000-00000000009c', '20000000-0000-4000-8000-000000000005'),
  ('10000000-0000-4000-8000-000000000002', '30000000-0000-4000-8000-00000000009d', '20000000-0000-4000-8000-000000000006'),
  ('10000000-0000-4000-8000-000000000002', '30000000-0000-4000-8000-00000000009d', '20000000-0000-4000-8000-000000000005'),
  ('10000000-0000-4000-8000-000000000002', '30000000-0000-4000-8000-00000000009e', '20000000-0000-4000-8000-000000000006'),
  ('10000000-0000-4000-8000-000000000002', '30000000-0000-4000-8000-00000000009e', '20000000-0000-4000-8000-000000000005'),
  ('10000000-0000-4000-8000-000000000002', '30000000-0000-4000-8000-00000000009f', '20000000-0000-4000-8000-000000000006'),
  ('10000000-0000-4000-8000-000000000002', '30000000-0000-4000-8000-00000000009f', '20000000-0000-4000-8000-000000000005'),
  ('10000000-0000-4000-8000-000000000002', '30000000-0000-4000-8000-0000000000a0', '20000000-0000-4000-8000-000000000006'),
  ('10000000-0000-4000-8000-000000000002', '30000000-0000-4000-8000-0000000000a0', '20000000-0000-4000-8000-000000000005'),
  ('10000000-0000-4000-8000-000000000002', '30000000-0000-4000-8000-0000000000a1', '20000000-0000-4000-8000-000000000006'),
  ('10000000-0000-4000-8000-000000000002', '30000000-0000-4000-8000-0000000000a1', '20000000-0000-4000-8000-000000000005'),
  ('10000000-0000-4000-8000-000000000002', '30000000-0000-4000-8000-0000000000a2', '20000000-0000-4000-8000-000000000006'),
  ('10000000-0000-4000-8000-000000000002', '30000000-0000-4000-8000-0000000000a2', '20000000-0000-4000-8000-000000000005'),
  ('10000000-0000-4000-8000-000000000002', '30000000-0000-4000-8000-0000000000a3', '20000000-0000-4000-8000-000000000006'),
  ('10000000-0000-4000-8000-000000000002', '30000000-0000-4000-8000-0000000000a3', '20000000-0000-4000-8000-000000000005'),
  ('10000000-0000-4000-8000-000000000002', '30000000-0000-4000-8000-0000000000a4', '20000000-0000-4000-8000-000000000006'),
  ('10000000-0000-4000-8000-000000000002', '30000000-0000-4000-8000-0000000000a4', '20000000-0000-4000-8000-000000000005'),
  ('10000000-0000-4000-8000-000000000002', '30000000-0000-4000-8000-0000000000a5', '20000000-0000-4000-8000-000000000006'),
  ('10000000-0000-4000-8000-000000000002', '30000000-0000-4000-8000-0000000000a5', '20000000-0000-4000-8000-000000000005'),
  ('10000000-0000-4000-8000-000000000002', '30000000-0000-4000-8000-0000000000a6', '20000000-0000-4000-8000-000000000006'),
  ('10000000-0000-4000-8000-000000000002', '30000000-0000-4000-8000-0000000000a6', '20000000-0000-4000-8000-000000000005'),
  ('10000000-0000-4000-8000-000000000002', '30000000-0000-4000-8000-0000000000a7', '20000000-0000-4000-8000-000000000006'),
  ('10000000-0000-4000-8000-000000000002', '30000000-0000-4000-8000-0000000000a7', '20000000-0000-4000-8000-000000000005'),
  ('10000000-0000-4000-8000-000000000002', '30000000-0000-4000-8000-0000000000a8', '20000000-0000-4000-8000-000000000006'),
  ('10000000-0000-4000-8000-000000000002', '30000000-0000-4000-8000-0000000000a8', '20000000-0000-4000-8000-000000000005'),
  ('10000000-0000-4000-8000-000000000002', '30000000-0000-4000-8000-0000000000a9', '20000000-0000-4000-8000-000000000006'),
  ('10000000-0000-4000-8000-000000000002', '30000000-0000-4000-8000-0000000000a9', '20000000-0000-4000-8000-000000000005'),
  ('10000000-0000-4000-8000-000000000002', '30000000-0000-4000-8000-0000000000aa', '20000000-0000-4000-8000-000000000006'),
  ('10000000-0000-4000-8000-000000000002', '30000000-0000-4000-8000-0000000000aa', '20000000-0000-4000-8000-000000000005'),
  ('10000000-0000-4000-8000-000000000002', '30000000-0000-4000-8000-0000000000ab', '20000000-0000-4000-8000-000000000006'),
  ('10000000-0000-4000-8000-000000000002', '30000000-0000-4000-8000-0000000000ab', '20000000-0000-4000-8000-000000000005'),
  ('10000000-0000-4000-8000-000000000002', '30000000-0000-4000-8000-0000000000ac', '20000000-0000-4000-8000-000000000006'),
  ('10000000-0000-4000-8000-000000000002', '30000000-0000-4000-8000-0000000000ac', '20000000-0000-4000-8000-000000000005'),
  ('10000000-0000-4000-8000-000000000002', '30000000-0000-4000-8000-0000000000ad', '20000000-0000-4000-8000-000000000006'),
  ('10000000-0000-4000-8000-000000000002', '30000000-0000-4000-8000-0000000000ad', '20000000-0000-4000-8000-000000000005'),
  ('10000000-0000-4000-8000-000000000002', '30000000-0000-4000-8000-0000000000ae', '20000000-0000-4000-8000-000000000006'),
  ('10000000-0000-4000-8000-000000000002', '30000000-0000-4000-8000-0000000000ae', '20000000-0000-4000-8000-000000000005'),
  ('10000000-0000-4000-8000-000000000002', '30000000-0000-4000-8000-0000000000af', '20000000-0000-4000-8000-000000000006'),
  ('10000000-0000-4000-8000-000000000002', '30000000-0000-4000-8000-0000000000af', '20000000-0000-4000-8000-000000000005'),
  ('10000000-0000-4000-8000-000000000002', '30000000-0000-4000-8000-0000000000b0', '20000000-0000-4000-8000-000000000006'),
  ('10000000-0000-4000-8000-000000000002', '30000000-0000-4000-8000-0000000000b0', '20000000-0000-4000-8000-000000000005'),
  ('10000000-0000-4000-8000-000000000002', '30000000-0000-4000-8000-0000000000b1', '20000000-0000-4000-8000-000000000006'),
  ('10000000-0000-4000-8000-000000000002', '30000000-0000-4000-8000-0000000000b1', '20000000-0000-4000-8000-000000000005'),
  ('10000000-0000-4000-8000-000000000002', '30000000-0000-4000-8000-0000000000b2', '20000000-0000-4000-8000-000000000006'),
  ('10000000-0000-4000-8000-000000000002', '30000000-0000-4000-8000-0000000000b2', '20000000-0000-4000-8000-000000000005'),
  ('10000000-0000-4000-8000-000000000002', '30000000-0000-4000-8000-0000000000b3', '20000000-0000-4000-8000-000000000006'),
  ('10000000-0000-4000-8000-000000000002', '30000000-0000-4000-8000-0000000000b3', '20000000-0000-4000-8000-000000000005'),
  ('10000000-0000-4000-8000-000000000002', '30000000-0000-4000-8000-0000000000b4', '20000000-0000-4000-8000-000000000006'),
  ('10000000-0000-4000-8000-000000000002', '30000000-0000-4000-8000-0000000000b4', '20000000-0000-4000-8000-000000000005'),
  ('10000000-0000-4000-8000-000000000002', '30000000-0000-4000-8000-0000000000b5', '20000000-0000-4000-8000-000000000007'),
  ('10000000-0000-4000-8000-000000000002', '30000000-0000-4000-8000-0000000000b5', '20000000-0000-4000-8000-000000000005'),
  ('10000000-0000-4000-8000-000000000002', '30000000-0000-4000-8000-0000000000b6', '20000000-0000-4000-8000-000000000007'),
  ('10000000-0000-4000-8000-000000000002', '30000000-0000-4000-8000-0000000000b6', '20000000-0000-4000-8000-000000000005'),
  ('10000000-0000-4000-8000-000000000002', '30000000-0000-4000-8000-0000000000b7', '20000000-0000-4000-8000-000000000007'),
  ('10000000-0000-4000-8000-000000000002', '30000000-0000-4000-8000-0000000000b7', '20000000-0000-4000-8000-000000000005'),
  ('10000000-0000-4000-8000-000000000002', '30000000-0000-4000-8000-0000000000b8', '20000000-0000-4000-8000-000000000007'),
  ('10000000-0000-4000-8000-000000000002', '30000000-0000-4000-8000-0000000000b8', '20000000-0000-4000-8000-000000000005'),
  ('10000000-0000-4000-8000-000000000002', '30000000-0000-4000-8000-0000000000b9', '20000000-0000-4000-8000-000000000007'),
  ('10000000-0000-4000-8000-000000000002', '30000000-0000-4000-8000-0000000000b9', '20000000-0000-4000-8000-000000000005'),
  ('10000000-0000-4000-8000-000000000002', '30000000-0000-4000-8000-0000000000ba', '20000000-0000-4000-8000-000000000007'),
  ('10000000-0000-4000-8000-000000000002', '30000000-0000-4000-8000-0000000000ba', '20000000-0000-4000-8000-000000000005'),
  ('10000000-0000-4000-8000-000000000002', '30000000-0000-4000-8000-0000000000bb', '20000000-0000-4000-8000-000000000007'),
  ('10000000-0000-4000-8000-000000000002', '30000000-0000-4000-8000-0000000000bb', '20000000-0000-4000-8000-000000000005'),
  ('10000000-0000-4000-8000-000000000002', '30000000-0000-4000-8000-0000000000bc', '20000000-0000-4000-8000-000000000007'),
  ('10000000-0000-4000-8000-000000000002', '30000000-0000-4000-8000-0000000000bc', '20000000-0000-4000-8000-000000000005'),
  ('10000000-0000-4000-8000-000000000002', '30000000-0000-4000-8000-0000000000bd', '20000000-0000-4000-8000-000000000007'),
  ('10000000-0000-4000-8000-000000000002', '30000000-0000-4000-8000-0000000000bd', '20000000-0000-4000-8000-000000000005'),
  ('10000000-0000-4000-8000-000000000002', '30000000-0000-4000-8000-0000000000be', '20000000-0000-4000-8000-000000000007'),
  ('10000000-0000-4000-8000-000000000002', '30000000-0000-4000-8000-0000000000be', '20000000-0000-4000-8000-000000000005'),
  ('10000000-0000-4000-8000-000000000002', '30000000-0000-4000-8000-0000000000bf', '20000000-0000-4000-8000-000000000007'),
  ('10000000-0000-4000-8000-000000000002', '30000000-0000-4000-8000-0000000000bf', '20000000-0000-4000-8000-000000000005'),
  ('10000000-0000-4000-8000-000000000002', '30000000-0000-4000-8000-0000000000c0', '20000000-0000-4000-8000-000000000007'),
  ('10000000-0000-4000-8000-000000000002', '30000000-0000-4000-8000-0000000000c0', '20000000-0000-4000-8000-000000000005'),
  ('10000000-0000-4000-8000-000000000002', '30000000-0000-4000-8000-0000000000c1', '20000000-0000-4000-8000-000000000007'),
  ('10000000-0000-4000-8000-000000000002', '30000000-0000-4000-8000-0000000000c1', '20000000-0000-4000-8000-000000000005'),
  ('10000000-0000-4000-8000-000000000002', '30000000-0000-4000-8000-0000000000c2', '20000000-0000-4000-8000-000000000007'),
  ('10000000-0000-4000-8000-000000000002', '30000000-0000-4000-8000-0000000000c2', '20000000-0000-4000-8000-000000000005');

-- =============================================
-- Collections publiques gratuites (une par continent tagué dans les seeds)
-- =============================================
INSERT INTO collections (
  id,
  user_id,
  type,
  title,
  description,
  tag_id_list_to_include,
  inclusion_type,
  tag_id_list_to_exclude,
  exclusion_type,
  review_strategy,
  pre_tax_price_in_cents
)
VALUES
(
  '40000000-0000-4000-8000-000000000001',
  '10000000-0000-4000-8000-000000000002',
  'public_free',
  'Drapeaux des pays d''Afrique',
  'Quiz sur les drapeaux des pays d''Afrique.',
  jsonb_build_array('20000000-0000-4000-8000-000000000001'::uuid),
  'AND',
  '[]'::jsonb,
  'AND',
  'random',
  NULL
),
(
  '40000000-0000-4000-8000-000000000002',
  '10000000-0000-4000-8000-000000000002',
  'public_free',
  'Drapeaux des pays d''Amérique du Nord',
  'Quiz sur les drapeaux des pays d''Amérique du Nord',
  jsonb_build_array('20000000-0000-4000-8000-000000000002'::uuid),
  'AND',
  '[]'::jsonb,
  'AND',
  'random',
  NULL
),
(
  '40000000-0000-4000-8000-000000000003',
  '10000000-0000-4000-8000-000000000002',
  'public_free',
  'Drapeaux des pays d''Amérique du Sud',
  'Quiz sur les drapeaux des pays d''Amérique du Sud',
  jsonb_build_array('20000000-0000-4000-8000-000000000003'::uuid),
  'AND',
  '[]'::jsonb,
  'AND',
  'random',
  NULL
),
(
  '40000000-0000-4000-8000-000000000004',
  '10000000-0000-4000-8000-000000000002',
  'public_paywalled',
  'Drapeaux des pays d''Asie',
  'Quiz sur les drapeaux des pays d''Asie',
  jsonb_build_array('20000000-0000-4000-8000-000000000004'::uuid),
  'AND',
  '[]'::jsonb,
  'AND',
  'random',
  500
),
(
  '40000000-0000-4000-8000-000000000005',
  '10000000-0000-4000-8000-000000000002',
  'public_free',
  'Drapeaux des pays d''Europe',
  'Quiz sur les drapeaux des pays d''Europe',
  jsonb_build_array('20000000-0000-4000-8000-000000000006'::uuid),
  'AND',
  '[]'::jsonb,
  'AND',
  'random',
  NULL
),
(
  '40000000-0000-4000-8000-000000000006',
  '10000000-0000-4000-8000-000000000002',
  'public_free',
  'Drapeaux des pays d''Océanie',
  'Quiz sur les drapeaux des pays d''Océanie',
  jsonb_build_array('20000000-0000-4000-8000-000000000007'::uuid),
  'AND',
  '[]'::jsonb,
  'AND',
  'random',
  NULL
);

-- =============================================
-- User for: ping test (GET /monitoring/ping)
-- =============================================
INSERT INTO users (id, email, status, subdomain)
VALUES ('50000000-0000-4000-8000-000000000001', 'ping-test@example.com', 'unverified', 'www');

-- =============================================
-- Confirmed user for: log-in tests (read-only lookups)
-- Also reused by send-token-to-validate-email "already in use" test
-- Password plaintext: Test1234!
-- =============================================
INSERT INTO users (id, email, password, status, subdomain)
VALUES (
  '50000000-0000-4000-8000-000000000002',
  'confirmed@example.com',
  '$2b$10$wL7tkbBZQyt/YiigMxI08egh.xU.pP.D87SLSGjq4NJxXAlyj/p0i',
  'premium',
  'www'
);

-- =============================================
-- Unconfirmed user (NULL password) for: log-in "account not confirmed" test
-- =============================================
INSERT INTO users (id, email, password, status, subdomain)
VALUES ('50000000-0000-4000-8000-000000000003', 'unconfirmed@example.com', NULL, 'unverified', 'www');

-- =============================================
-- Dedicated user + session for: log-out tests
-- Password plaintext: Test1234!
-- =============================================
INSERT INTO users (id, email, password, status, subdomain)
VALUES (
  '50000000-0000-4000-8000-000000000004',
  'logout-user@example.com',
  '$2b$10$wL7tkbBZQyt/YiigMxI08egh.xU.pP.D87SLSGjq4NJxXAlyj/p0i',
  'premium',
  'www'
);

INSERT INTO user_session_tokens (id, user_id, token, expires_at, blacklisted)
VALUES (
  'a0000000-0000-4000-8000-000000000001',
  '50000000-0000-4000-8000-000000000004',
  'logout-session-token',
  now() + interval '30 days',
  false
);

-- =============================================
-- Dedicated user + session for: user.get tests
-- Password plaintext: Test1234!
-- =============================================
INSERT INTO users (id, email, password, status, subdomain)
VALUES (
  '50000000-0000-4000-8000-000000000005',
  'userget@example.com',
  '$2b$10$wL7tkbBZQyt/YiigMxI08egh.xU.pP.D87SLSGjq4NJxXAlyj/p0i',
  'premium',
  'www'
);

INSERT INTO user_session_tokens (id, user_id, token, expires_at, blacklisted)
VALUES (
  'b0000000-0000-4000-8000-000000000002',
  '50000000-0000-4000-8000-000000000005',
  'userget-session-token',
  now() + interval '30 days',
  false
);

-- =============================================
-- Unverified user for: sign-up test
-- =============================================
INSERT INTO users (id, email, status, subdomain)
VALUES ('50000000-0000-4000-8000-000000000006', 'signup@example.com', 'unverified', 'www');

-- Email validation token for: sign-up test (to be blacklisted during sign-up)
INSERT INTO user_email_tokens (user_id, token, usage, blacklisted)
VALUES ('50000000-0000-4000-8000-000000000006', 'aabbccdd-1111-4111-8111-aabbccddeeff', 'validate_email', false);

-- =============================================
-- Dedicated user + session for: change-password tests
-- Password plaintext: Test1234!
-- =============================================
INSERT INTO users (id, email, password, status, subdomain)
VALUES (
  '50000000-0000-4000-8000-000000000007',
  'changepw@example.com',
  '$2b$10$wL7tkbBZQyt/YiigMxI08egh.xU.pP.D87SLSGjq4NJxXAlyj/p0i',
  'premium',
  'www'
);

INSERT INTO user_session_tokens (id, user_id, token, expires_at, blacklisted)
VALUES (
  'c0000000-0000-4000-8000-000000000003',
  '50000000-0000-4000-8000-000000000007',
  'changepw-session-token',
  now() + interval '30 days',
  false
);

-- =============================================
-- Dedicated user + session for: change-email tests
-- Password plaintext: Test1234!
-- =============================================
INSERT INTO users (id, email, password, status, subdomain)
VALUES (
  '50000000-0000-4000-8000-000000000008',
  'changeemail@example.com',
  '$2b$10$wL7tkbBZQyt/YiigMxI08egh.xU.pP.D87SLSGjq4NJxXAlyj/p0i',
  'premium',
  'www'
);

INSERT INTO user_session_tokens (id, user_id, token, expires_at, blacklisted)
VALUES (
  'd0000000-0000-4000-8000-000000000004',
  '50000000-0000-4000-8000-000000000008',
  'changeemail-session-token',
  now() + interval '30 days',
  false
);

-- Extra user for: change-email "new email already in use" test
INSERT INTO users (id, email, password, status, subdomain)
VALUES (
  '50000000-0000-4000-8000-000000000009',
  'taken@example.com',
  '$2b$10$wL7tkbBZQyt/YiigMxI08egh.xU.pP.D87SLSGjq4NJxXAlyj/p0i',
  'premium',
  'www'
);

-- =============================================
-- Unverified user with active email validation token for:
-- send-token-to-validate-email "token already sent" test
-- =============================================
INSERT INTO users (id, email, status, subdomain)
VALUES ('50000000-0000-4000-8000-00000000000a', 'unverified-active-token@example.com', 'unverified', 'www');

INSERT INTO user_email_tokens (user_id, token, usage, blacklisted)
VALUES ('50000000-0000-4000-8000-00000000000a', '22222222-2222-4222-8222-222222222222', 'validate_email', false);

-- =============================================
-- Unverified user with 3 expired validation tokens for:
-- send-token-to-validate-email "maximum retries reached" test
-- created_at set to 100 hours ago (beyond 72h EMAIL_VALIDATION_TOKEN_DURATION_IN_HOURS)
-- =============================================
INSERT INTO users (id, email, status, subdomain)
VALUES ('50000000-0000-4000-8000-00000000000b', 'unverified-max-retries@example.com', 'unverified', 'www');

INSERT INTO user_email_tokens (user_id, token, usage, blacklisted, created_at)
VALUES ('50000000-0000-4000-8000-00000000000b', 'expired-validate-token-1', 'validate_email', false, now() - interval '100 hours');

INSERT INTO user_email_tokens (user_id, token, usage, blacklisted, created_at)
VALUES ('50000000-0000-4000-8000-00000000000b', 'expired-validate-token-2', 'validate_email', false, now() - interval '100 hours');

INSERT INTO user_email_tokens (user_id, token, usage, blacklisted, created_at)
VALUES ('50000000-0000-4000-8000-00000000000b', 'expired-validate-token-3', 'validate_email', false, now() - interval '100 hours');

-- =============================================
-- Unverified user with active + blacklisted validation tokens for:
-- verify-token-to-validate-email tests
-- =============================================
INSERT INTO users (id, email, status, subdomain)
VALUES ('50000000-0000-4000-8000-00000000000c', 'verify-email-token@example.com', 'unverified', 'www');

INSERT INTO user_email_tokens (user_id, token, usage, blacklisted)
VALUES ('50000000-0000-4000-8000-00000000000c', '33333333-3333-4333-8333-333333333333', 'validate_email', false);

INSERT INTO user_email_tokens (user_id, token, usage, blacklisted)
VALUES ('50000000-0000-4000-8000-00000000000c', '44444444-4444-4444-8444-444444444444', 'validate_email', true);

-- =============================================
-- Dedicated user + active reset token for:
-- verify-token-to-reset-password tests (read-only)
-- Password plaintext: Test1234!
-- =============================================
INSERT INTO users (id, email, password, status, subdomain)
VALUES (
  '50000000-0000-4000-8000-00000000000d',
  'verify-reset-token@example.com',
  '$2b$10$wL7tkbBZQyt/YiigMxI08egh.xU.pP.D87SLSGjq4NJxXAlyj/p0i',
  'premium',
  'www'
);

INSERT INTO user_email_tokens (user_id, token, usage, blacklisted)
VALUES ('50000000-0000-4000-8000-00000000000d', '55555555-5555-4555-8555-555555555555', 'reset_password', false);

-- =============================================
-- Dedicated user + active reset token for:
-- reset-password test (will blacklist the token)
-- Password plaintext: Test1234!
-- =============================================
INSERT INTO users (id, email, password, status, subdomain)
VALUES (
  '50000000-0000-4000-8000-00000000000e',
  'do-reset-pw@example.com',
  '$2b$10$wL7tkbBZQyt/YiigMxI08egh.xU.pP.D87SLSGjq4NJxXAlyj/p0i',
  'premium',
  'www'
);

INSERT INTO user_email_tokens (user_id, token, usage, blacklisted)
VALUES ('50000000-0000-4000-8000-00000000000e', '77777777-7777-4777-8777-777777777777', 'reset_password', false);

-- =============================================
-- User with active reset token for:
-- send-token-to-reset-password "token already sent" test
-- Password plaintext: Test1234!
-- =============================================
INSERT INTO users (id, email, password, status, subdomain)
VALUES (
  '50000000-0000-4000-8000-00000000000f',
  'reset-active-token@example.com',
  '$2b$10$wL7tkbBZQyt/YiigMxI08egh.xU.pP.D87SLSGjq4NJxXAlyj/p0i',
  'premium',
  'www'
);

INSERT INTO user_email_tokens (user_id, token, usage, blacklisted)
VALUES ('50000000-0000-4000-8000-00000000000f', '66666666-6666-4666-8666-666666666666', 'reset_password', false);

-- =============================================
-- User with 3 expired reset tokens for:
-- send-token-to-reset-password "max retries" test
-- created_at set to 10 hours ago (beyond 1h PASSWORD_RESET_TOKEN_DURATION_IN_HOURS)
-- Password plaintext: Test1234!
-- =============================================
INSERT INTO users (id, email, password, status, subdomain)
VALUES (
  '50000000-0000-4000-8000-000000000010',
  'reset-max-retries@example.com',
  '$2b$10$wL7tkbBZQyt/YiigMxI08egh.xU.pP.D87SLSGjq4NJxXAlyj/p0i',
  'premium',
  'www'
);

INSERT INTO user_email_tokens (user_id, token, usage, blacklisted, created_at)
VALUES ('50000000-0000-4000-8000-000000000010', 'expired-reset-token-1', 'reset_password', false, now() - interval '10 hours');

INSERT INTO user_email_tokens (user_id, token, usage, blacklisted, created_at)
VALUES ('50000000-0000-4000-8000-000000000010', 'expired-reset-token-2', 'reset_password', false, now() - interval '10 hours');

INSERT INTO user_email_tokens (user_id, token, usage, blacklisted, created_at)
VALUES ('50000000-0000-4000-8000-000000000010', 'expired-reset-token-3', 'reset_password', false, now() - interval '10 hours');

-- =============================================
-- Dedicated user (no active reset tokens) for:
-- send-token-to-reset-password "success" test
-- Password plaintext: Test1234!
-- =============================================
INSERT INTO users (id, email, password, status, subdomain)
VALUES (
  '50000000-0000-4000-8000-000000000011',
  'reset-success@example.com',
  '$2b$10$wL7tkbBZQyt/YiigMxI08egh.xU.pP.D87SLSGjq4NJxXAlyj/p0i',
  'premium',
  'www'
);

-- =============================================
-- Unverified user with 1 expired validation token for:
-- send-token-to-validate-email "retry allowed for existing unverified user" test
-- created_at set to 100 hours ago (beyond 72h EMAIL_VALIDATION_TOKEN_DURATION_IN_HOURS)
-- =============================================
INSERT INTO users (id, email, status, subdomain)
VALUES ('50000000-0000-4000-8000-000000000012', 'unverified-retry@example.com', 'unverified', 'www');

INSERT INTO user_email_tokens (user_id, token, usage, blacklisted, created_at)
VALUES ('50000000-0000-4000-8000-000000000012', 'expired-retry-token-1', 'validate_email', false, now() - interval '100 hours');
