champs_lexical,mots
L'abondance verbale,"Bavard, bavardage"
L'abondance verbale,"Délayé, délayer"
L'abondance verbale,Digression
L'abondance verbale,Disert
L'abondance verbale,Faconde
L'abondance verbale,Intarissable
L'abondance verbale,Logorrhée
L'abondance verbale,"Loquace, loquacité"
L'abondance verbale,"Péroraison, pérorer"
L'abondance verbale,"Prolixe, prolixité"
L'abondance verbale,Torrentuel
L'abondance verbale,"Verbeux, verbiage"
L'abondance verbale,"Volubile, volubilité"
L'aube,Albe
L'aube,Antelucain
L'aube,"Auroral, aurore"
L'aube,Dilucule
L'aube,Éveil
L'aube,Lueur
L'aube,"Matin, matinal, matinée"
L'aube,Matutinal
L'aube,Naissant
L'aube,Orient
L'aube,Poindre
L'aube,Prime
L'aube,Rosée
L'avarice et la parcimonie,Accapareur
L'avarice et la parcimonie,"Avare, avarice"
L'avarice et la parcimonie,Chiche
L'avarice et la parcimonie,"Cupide, cupidité"
L'avarice et la parcimonie,Économe
L'avarice et la parcimonie,Harpagon
L'avarice et la parcimonie,Ladre
L'avarice et la parcimonie,"Lésine, lésiner"
L'avarice et la parcimonie,"Mesquin, mesquinerie"
L'avarice et la parcimonie,"Parcimonie, parcimonieux"
L'avarice et la parcimonie,Rapace
L'avarice et la parcimonie,Regardant
L'avarice et la parcimonie,Serré
L'avarice et la parcimonie,Thésauriser
L'avarice et la parcimonie,Usurier
L'eau,Affluent
L'eau,"Alluvial, alluvion"
L'eau,Aquatique
L'eau,Aqueux
L'eau,Balnéaire
L'eau,Cascade
L'eau,Crue
L'eau,"Déferler, déferlement"
L'eau,Écume
L'eau,Effluent
L'eau,Embouchure
L'eau,Estuaire
L'eau,Étiage
L'eau,"Fluvial, fluviatile"
L'eau,Flux
L'eau,Houle
L'eau,Hydraulique
L'eau,"Inonder, inondation"
L'eau,"Irriguer, irrigation"
L'eau,Lacustre
L'eau,Limoneux
L'eau,Limpide
L'eau,Marée
L'eau,Maritime
L'eau,Méandre
L'eau,Nappe
L'eau,Palustre
L'eau,Reflux
L'eau,Remous
L'eau,Ressac
L'eau,Saumâtre
L'eau,Source
L'eau,Stagnant
L'eau,"Torrent, torrentiel"
L'embonpoint,Adipeux
L'embonpoint,Charnu
L'embonpoint,"Corpulence, corpulent"
L'embonpoint,Épais
L'embonpoint,Étoffé
L'embonpoint,Fort
L'embonpoint,Massif
L'embonpoint,"Obèse, obésité"
L'embonpoint,Opulent
L'embonpoint,Pansu
L'embonpoint,Plantureux
L'embonpoint,Potelé
L'embonpoint,Replet
L'embonpoint,Rond
L'embonpoint,Ventripotent
L'excès,Comble
L'excès,Débordement
L'excès,"Démesure, démesuré"
L'excès,Déséquilibre
L'excès,"Excès, excessif"
L'excès,Exubérance
L'excès,Hyperbole
L'excès,Hypertrophie
L'excès,Immodération
L'excès,Intempérance
L'excès,"Outrance, outrancier, outré, outrer"
L'excès,Pléthore
L'excès,Saturation
L'excès,Surabondance
L'excès,Trop-plein
L'humilité,Abnégation
L'humilité,Déférent
L'humilité,Discret
L'humilité,Docile
L'humilité,"Effacé, effacement"
L'humilité,Modestie
L'humilité,"Obséquieux, obséquiosité"
L'humilité,Prosternation
L'humilité,Recueilli
L'humilité,Réservé
L'humilité,Respectueux
L'humilité,Simple
L'humilité,Soumis
L'obscurité,"Assombrir, assombrissement"
L'obscurité,Caligineux
L'obscurité,Éclipse
L'obscurité,Fuligineux
L'obscurité,"Noir, noirceur"
L'obscurité,"Obscur, obscurité"
L'obscurité,"Occultation, occulte"
L'obscurité,"Ombre, ombreux"
L'obscurité,"Opacité, opaque"
L'obscurité,Sombre
L'obscurité,"Ténèbres, ténébreux"
L'obscurité du style,Abscons
L'obscurité du style,Alambiqué
L'obscurité du style,Amphibologie
L'obscurité du style,Amphigouri
L'obscurité du style,Ampoulé
L'obscurité du style,Cabalistique
L'obscurité du style,Cryptique
L'obscurité du style,Emphase
L'obscurité du style,Énigmatique
L'obscurité du style,Ésotérique
L'obscurité du style,Fumeux
L'obscurité du style,Galimatias
L'obscurité du style,Grandiloquence
L'obscurité du style,Hermétique
L'obscurité du style,Impénétrable
L'obscurité du style,Inintelligible
L'obscurité du style,Obscur
L'obscurité du style,Occulte
L'obscurité du style,Phraséologie
L'obscurité du style,Sibyllin
L'opiniâtreté,"Acharné, acharnement"
L'opiniâtreté,Constance
L'opiniâtreté,Entêté
L'opiniâtreté,Inébranlable
L'opiniâtreté,Inflexible
L'opiniâtreté,Intraitable
L'opiniâtreté,Irréductible
L'opiniâtreté,"Obstination, obstiné"
L'opiniâtreté,"Opiniâtre, opiniâtreté"
L'opiniâtreté,Persévérance
L'opiniâtreté,Résolu
L'opiniâtreté,"Tenace, ténacité"
L'opiniâtreté,Têtu
L'orgueil,Altier
L'orgueil,Arrogance
L'orgueil,"Dédaigneux, dédain"
L'orgueil,Fatuité
L'orgueil,Fierté
L'orgueil,Gloriole
L'orgueil,Hautain
L'orgueil,Impérieux
L'orgueil,Infatuation
L'orgueil,Insolence
L'orgueil,Mépris
L'orgueil,Morgue
L'orgueil,Orgueil
L'orgueil,Outrecuidance
L'orgueil,Présomption
L'orgueil,Rogue
L'orgueil,Suffisance
L'orgueil,Superbe
L'orgueil,Vanité
La beauté,Apollinien
La beauté,Charmant
La beauté,Délicat
La beauté,Éclatant
La beauté,Élégant
La beauté,Esthétique
La beauté,Fin
La beauté,Gracieux
La beauté,Gracile
La beauté,Harmonieux
La beauté,Magnifique
La beauté,Ravissant
La beauté,Resplendissant
La beauté,Séduisant
La beauté,Splendide
La beauté,Sublime
La beauté,Superbe
La beauté,Vénusté
La bonne humeur,Affabilité
La bonne humeur,Allégresse
La bonne humeur,"Amène, aménité"
La bonne humeur,Badin
La bonne humeur,Bonhomie
La bonne humeur,Débonnaire
La bonne humeur,Enjoué
La bonne humeur,Entrain
La bonne humeur,Euphorie
La bonne humeur,Exaltation
La bonne humeur,Exubérant
La bonne humeur,Félicité
La bonne humeur,Folâtre
La bonne humeur,Guilleret
La bonne humeur,Hilarité
La bonne humeur,Jovial
La bonne humeur,Jubilation
La bonne humeur,Liesse
La bonne humeur,Placide
La bonne humeur,Sérénité
La bonne humeur,Urbanité
La brièveté,Adage
La brièveté,Aphorisme
La brièveté,Apophtegme
La brièveté,Bref
La brièveté,"Concis, concision"
La brièveté,Dense
La brièveté,Dépouillé
La brièveté,Elliptique
La brièveté,Épuré
La brièveté,"Laconique, laconisme"
La brièveté,Lapidaire
La brièveté,Maxime
La brièveté,Ramassé
La brièveté,Sentencieux
La brièveté,Serré
La brièveté,Sobre
La brièveté,Succinct
La brièveté,Télégraphique
La chaleur,Accablant
La chaleur,Ardeur
La chaleur,Brasier
La chaleur,Brûlant
La chaleur,"Caniculaire, canicule"
La chaleur,Estival
La chaleur,Été
La chaleur,Étouffant
La chaleur,Étuve
La chaleur,Fournaise
La chaleur,Harassant
La chaleur,Incandescent
La chaleur,Lourd
La chaleur,Moite
La chaleur,Saharien
La chaleur,Torride
La chaleur,Tropical
La domination,"Asservir, asservissement"
La domination,Autorité
La domination,"Despote, despotisme"
La domination,Empire
La domination,Emprise
La domination,Hégémonie
La domination,Joug
La domination,Mainmise
La domination,Oppression
La domination,Pouvoir
La domination,Servitude
La domination,Subjugation
La domination,Sujétion
La domination,Tutelle
La domination,Tyrannie
La domination,Vassalité
La duplicité,Ambigu
La duplicité,Artifice
La duplicité,Cauteleux
La duplicité,Dissimulation
La duplicité,Double jeu
La duplicité,Fausseté
La duplicité,Félonie
La duplicité,Fourberie
La duplicité,Hypocrisie
La duplicité,Insidieux
La duplicité,Masque
La duplicité,Patelin
La duplicité,Perfide
La duplicité,Ruse
La duplicité,Simulacre
La duplicité,Sournois
La duplicité,Tartuferie
La duplicité,Traîtrise
La duplicité,Trompeur
La fatalité,Arrêt
La fatalité,Décret
La fatalité,"Destin, destinée"
La fatalité,"Fatal, fatalité"
La fatalité,Fatum
La fatalité,Implacable
La fatalité,"Inéluctabilité, inéluctable"
La fatalité,Inévitable
La fatalité,"Inexorabilité, inexorable"
La fatalité,Nécessité
La fatalité,Parques
La fatalité,Prédestination
La fatalité,Prescience
La fatalité,Providence
La fatalité,Sort
La flatterie,"Adulateur, adulation"
La flatterie,Cajoler
La flatterie,Captation
La flatterie,Complaisance
La flatterie,"Courtisan, courtisanerie"
La flatterie,Douceureux
La flatterie,"Encens, encenser"
La flatterie,Enjôler
La flatterie,"Flagorner, flagornerie"
La flatterie,Louangeur
La flatterie,Mielleux
La forêt sombre,Bocage
La forêt sombre,Bois
La forêt sombre,Broussailles
La forêt sombre,Canopée
La forêt sombre,Dense
La forêt sombre,Forêt
La forêt sombre,Fourré
La forêt sombre,Friche
La forêt sombre,Frondaison
La forêt sombre,Futaie
La forêt sombre,Hallier
La forêt sombre,Maquis
La forêt sombre,"Ombrage, ombreux"
La forêt sombre,Ramure
La forêt sombre,Sous-bois
La forêt sombre,Sylvestre
La forêt sombre,Taillis
La forêt sombre,Touffu
La franchise,"Candeur, candide"
La franchise,Cruement
La franchise,Direct
La franchise,Droiture
La franchise,Fard
La franchise,"Franc, franchise"
La franchise,"Ingénu, ingénuité"
La franchise,Loyauté
La franchise,Naturel
La franchise,Net
La franchise,Nûment
La franchise,Ouvert
La franchise,"Sincère, sincérité"
La franchise,Spontané
La franchise,Véridique
La jeunesse,"Adolescence, adolescent"
La jeunesse,Cadet
La jeunesse,"Enfance, enfantin"
La jeunesse,Florissant
La jeunesse,Jouvence
La jeunesse,Juvénile
La jeunesse,Naissant
La jeunesse,Novice
La jeunesse,Nubile
La jeunesse,"Prime, primeur"
La jeunesse,Printanier
La jeunesse,Pubère
La jeunesse,Puéril
La jeunesse,"Verdeur, verdoyant"
La laideur,Abominable
La laideur,Affreux
La laideur,Atroce
La laideur,Défiguré
La laideur,Difforme
La laideur,Disgracieux
La laideur,Enlaidi
La laideur,"Hideur, hideux"
La laideur,Horrible
La laideur,Immonde
La laideur,Inesthétique
La laideur,Infâme
La laideur,Informe
La laideur,Monstrueux
La laideur,Repoussant
La laideur,Répugnant
La laideur,Vilain
La lumière vive,Aveuglant
La lumière vive,Brillant
La lumière vive,Clarté
La lumière vive,Éblouissant
La lumière vive,"Éclat, éclatant"
La lumière vive,Étincelant
La lumière vive,"Flamboiement, flamboyant"
La lumière vive,Fulgurant
La lumière vive,Incandescent
La lumière vive,"Irradiation, irradier"
La lumière vive,"Lumière, lumineux"
La lumière vive,Radieux
La lumière vive,Resplendissant
La lumière vive,Rutilant
La lumière vive,Scintillant
La maigreur,Anguleux
La maigreur,Chétif
La maigreur,Décharné
La maigreur,Effilé
La maigreur,Efflanqué
La maigreur,"Émaciation, émacié"
La maigreur,Étique
La maigreur,Famélique
La maigreur,"Fluet, fluette"
La maigreur,Grêle
La maigreur,Hâve
La maigreur,Longiligne
La maigreur,Menu
La maigreur,Sec
La maigreur,Squelettique
La mauvaise humeur,Acariâtre
La mauvaise humeur,Acrimonie
La mauvaise humeur,Atrabilaire
La mauvaise humeur,Bilieux
La mauvaise humeur,Bourru
La mauvaise humeur,Colérique
La mauvaise humeur,Contrariété
La mauvaise humeur,Courroux
La mauvaise humeur,Dépit
La mauvaise humeur,Fielleux
La mauvaise humeur,Hargne
La mauvaise humeur,Impétueux
La mauvaise humeur,Irascible
La mauvaise humeur,Ire
La mauvaise humeur,Irritable
La mauvaise humeur,Ombrageux
La mauvaise humeur,Rébarbatif
La mauvaise humeur,Renfrogné
La mauvaise humeur,Revêche
La mauvaise humeur,Rogue
La mauvaise humeur,Sanguin
La mauvaise humeur,Véhément
La mauvaise humeur,Versatile
La mauvaise humeur,Vindicatif
La mélancolie,Amertume
La mélancolie,Apathie
La mélancolie,Austère
La mélancolie,Chagrin
La mélancolie,Dolent
La mélancolie,Flegmatique
La mélancolie,Hypocondriaque
La mélancolie,Lymphatique
La mélancolie,Marasme
La mélancolie,Maussade
La mélancolie,Misanthrope
La mélancolie,Morne
La mélancolie,Morose
La mélancolie,Neurasthénie
La mélancolie,Nonchalance
La mélancolie,Nostalgie
La mélancolie,Saturnien
La mélancolie,"Spleen, splénétique"
La mélancolie,Taciturne
La mélancolie,Torpeur
La mélancolie,Tourment
La mer agitée,Agité
La mer agitée,Brisant
La mer agitée,Clapotis
La mer agitée,Courant
La mer agitée,"Déferlante, déferlement"
La mer agitée,Écume
La mer agitée,Embruns
La mer agitée,Furieux
La mer agitée,Houle
La mer agitée,Lame
La mer agitée,Maelström
La mer agitée,Moutonnement
La mer agitée,Raz
La mer agitée,Raz-de-marée
La mer agitée,Récif
La mer agitée,Ressac
La mer agitée,Tempête
La mer agitée,Tumulte
La mer agitée,Vague
La moquerie,Brocard
La moquerie,Caustique
La moquerie,Dérision
La moquerie,Épigramme
La moquerie,Goguenard
La moquerie,Incisif
La moquerie,Ironie
La moquerie,Mordant
La moquerie,Narquois
La moquerie,"Persiflage, persifler"
La moquerie,Quolibet
La moquerie,"Raillerie, railleur"
La moquerie,Sarcasme
La moquerie,Sardonique
La moquerie,Satire
La moquerie,Verve
La paresse,Accidie
La paresse,Apathie
La paresse,Assoupissement
La paresse,"Indolence, indolent"
La paresse,Inertie
La paresse,Langueur
La paresse,Léthargie
La paresse,Négligence
La paresse,"Nonchalance, nonchalant"
La paresse,"Oisif, oisiveté"
La paresse,Relâchement
La paresse,Somnolence
La paresse,"Torpeur, torpide"
La paresse,Végétatif
La pluie,Averse
La pluie,"Bruine, bruiner"
La pluie,Cataracte
La pluie,Crachin
La pluie,Déluge
La pluie,Diluvien
La pluie,Giboulée
La pluie,Grain
La pluie,"Ondée, ondoyant"
La pluie,Pluie
La pluie,"Pluvial, pluvieux"
La pluie,Précipitation
La pluie,Ruissellement
La prodigalité,Dépensier
La prodigalité,Dilapider
La prodigalité,"Dissipation, dissiper"
La prodigalité,"Fastes, fastueux"
La prodigalité,"Gaspillage, gaspiller"
La prodigalité,Générosité
La prodigalité,Largesse
La prodigalité,Libéralité
La prodigalité,Luxe
La prodigalité,Magnificence
La prodigalité,Munificence
La prodigalité,"Prodigalité, prodigue"
La prodigalité,Profusion
La prodigalité,"Somptueux, somptuosité"
La révolte,Contestation
La révolte,Émeute
La révolte,Factieux
La révolte,Fronde
La révolte,Insoumission
La révolte,"Insurgé, insurrection"
La révolte,Jacquerie
La révolte,"Mutin, mutinerie"
La révolte,"Rebelle, rébellion"
La révolte,Résistance
La révolte,Révolte
La révolte,Révolution
La révolte,"Séditieux, sédition"
La révolte,"Soulèvement, soulever"
La révolte,Troubles
La richesse,Aisance
La richesse,Aubaine
La richesse,Doré
La richesse,"Enrichi, enrichissement"
La richesse,Fastes
La richesse,Florissant
La richesse,Fortune
La richesse,Gain
La richesse,Héritage
La richesse,Inopiné
La richesse,Manne
La richesse,"Opulence, opulent"
La richesse,Pactole
La richesse,Profit
La richesse,"Prospère, prospérité"
La richesse,Richesses
La richesse,Trésor
La ruine,Anéantissement
La ruine,Chute
La ruine,Décadence
La ruine,Déchéance
La ruine,Déclin
La ruine,Décombres
La ruine,Déconfiture
La ruine,Délabrement
La ruine,Désastre
La ruine,Destruction
La ruine,Effondrement
La ruine,Faillite
La ruine,Fiasco
La ruine,Naufrage
La ruine,Perdition
La ruine,Perte
La ruine,"Ruine, ruiner"
La ruine,Vestiges
La vanité des choses,Caduc
La vanité des choses,Chimère
La vanité des choses,Éphémère
La vanité des choses,Évanescent
La vanité des choses,Fugace
La vanité des choses,Fugitif
La vanité des choses,Fumée
La vanité des choses,"Futile, futilité"
La vanité des choses,"Illusion, illusoire"
La vanité des choses,Inconsistant
La vanité des choses,Leurre
La vanité des choses,Néant
La vanité des choses,Précaire
La vanité des choses,Transitoire
La vanité des choses,Vacuité
La vanité des choses,Vide
La vieillesse,Affaibli
La vieillesse,Âgé
La vieillesse,Ancien
La vieillesse,Antiquité
La vieillesse,Archaïque
La vieillesse,"Caduc, caducité"
La vieillesse,Centenaire
La vieillesse,Chenue
La vieillesse,"Décrépit, décrépitude"
La vieillesse,Infirme
La vieillesse,Patriarche
La vieillesse,Sénescence
La vieillesse,"Sénile, sénilité"
La vieillesse,Usé
La vieillesse,Vétuste
Le crépuscule,Astral
Le crépuscule,Brune
Le crépuscule,Lunaire
Le crépuscule,"Noctambule, nocturne"
Le crépuscule,"Nuit, nuitée"
Le crépuscule,Obombrer
Le crépuscule,Obscurité
Le crépuscule,Ombres
Le crépuscule,Pénombre
Le crépuscule,Sidéral
Le crépuscule,Sombre
Le crépuscule,"Ténèbres, ténébreux"
Le crépuscule,"Vespéral, vesprée"
Le désir,Aphrodisiaque
Le désir,Appétence
Le désir,Ardeur
Le désir,Callipyge
Le désir,Charnel
Le désir,"Chaste, chasteté"
Le désir,"Concupiscence, concupiscent"
Le désir,Continence
Le désir,Convoitise
Le désir,Coquetterie
Le désir,Débauche
Le désir,Dévergondé
Le désir,"Enjôler, enjôleur"
Le désir,Érotisme
Le désir,Grivois
Le désir,Impudique
Le désir,Langueur
Le désir,Lascif
Le désir,Libertin
Le désir,Libido
Le désir,Licencieux
Le désir,Lubrique
Le désir,Luxure
Le désir,Mamelue
Le désir,Nubile
Le désir,Prude
Le désir,"Pudeur, pudibond, pudique"
Le désir,Salace
Le désir,Séduction
Le désir,"Sensualité, sensuel"
Le désir,Stéatopyge
Le désir,Stupre
Le désir,Turpitude
Le désir,Vestale
Le désir,"Volupté, voluptueux"
Le deuil,Cercueil
Le deuil,Cippe
Le deuil,Deuil
Le deuil,Épitaphe
Le deuil,"Funèbre, funérailles"
Le deuil,Glas
Le deuil,Lamentation
Le deuil,Linceul
Le deuil,Lugubre
Le deuil,Macabre
Le deuil,Morbide
Le deuil,Mortuaire
Le deuil,Obit
Le deuil,Obsèques
Le deuil,Oraison
Le deuil,Pleurs
Le deuil,Sépulcral
Le deuil,Thrène
Le deuil,Tombeau
Le discours d'attaque,Anathème
Le discours d'attaque,Apostropher
Le discours d'attaque,Charge
Le discours d'attaque,Diatribe
Le discours d'attaque,Diffamation
Le discours d'attaque,Exécration
Le discours d'attaque,Flageller
Le discours d'attaque,Fulminer
Le discours d'attaque,Fustiger
Le discours d'attaque,Imprécation
Le discours d'attaque,Invective
Le discours d'attaque,Libelle
Le discours d'attaque,Outrage
Le discours d'attaque,Pamphlet
Le discours d'attaque,Philippique
Le discours d'attaque,Réquisitoire
Le discours d'attaque,Satire
Le discours d'attaque,Stigmatiser
Le discours d'attaque,Vilipender
Le discours d'attaque,Virulent
Le discours d'attaque,Vitupérer
Le discours d'éloge,Apologie
Le discours d'éloge,Apothéose
Le discours d'éloge,Célébration
Le discours d'éloge,Dithyrambe
Le discours d'éloge,"Éloge, élogieux"
Le discours d'éloge,Encenser
Le discours d'éloge,Encomiastique
Le discours d'éloge,Exalter
Le discours d'éloge,Glorifier
Le discours d'éloge,Hommage
Le discours d'éloge,Hymne
Le discours d'éloge,Idolâtrer
Le discours d'éloge,Laudatif
Le discours d'éloge,Louange
Le discours d'éloge,Magnifier
Le discours d'éloge,Ovation
Le discours d'éloge,"Panégyrique, panégyriste"
Le froid,Algide
Le froid,Arctique
Le froid,Frimas
Le froid,"Froid, froideur"
Le froid,"Gel, gelé, gelée"
Le froid,Givre
Le froid,"Glaçant, glace, glacial"
Le froid,"Hiver, hivernal"
Le froid,Morfondre
Le froid,Polaire
Le froid,Sibérien
Le froid,Transi
Le langage jugé négativement,Abscons
Le langage jugé négativement,Alambiqué
Le langage jugé négativement,Amphigouri
Le langage jugé négativement,Ampoulé
Le langage jugé négativement,Antienne
Le langage jugé négativement,Bagou
Le langage jugé négativement,Circonlocution
Le langage jugé négativement,Délayé
Le langage jugé négativement,Diatribe
Le langage jugé négativement,Digression
Le langage jugé négativement,Emphatique
Le langage jugé négativement,Galimatias
Le langage jugé négativement,Grandiloquence
Le langage jugé négativement,Hâbleur
Le langage jugé négativement,Lapalissade
Le langage jugé négativement,Logomachie
Le langage jugé négativement,Palinodie
Le langage jugé négativement,Pamphlet
Le langage jugé négativement,Pérorer
Le langage jugé négativement,Philippique
Le langage jugé négativement,Psittacisme
Le langage jugé négativement,Quolibet
Le langage jugé négativement,"Raillerie, railleur"
Le langage jugé négativement,"Récriminer, récimination"
Le langage jugé négativement,Sardonique
Le langage jugé négativement,"Sophisme, sophiste"
Le langage jugé négativement,Tautologie
Le langage jugé négativement,Truisme
Le langage jugé négativement,"Verbeux, verbiage"
Le langage jugé négativement,Vilipender
Le langage jugé négativement,"Vitupérer, vitupération"
Le mensonge et la ruse oratoire,Affabulation
Le mensonge et la ruse oratoire,Amphibologie
Le mensonge et la ruse oratoire,Argutie
Le mensonge et la ruse oratoire,Artifice
Le mensonge et la ruse oratoire,Casuistique
Le mensonge et la ruse oratoire,Chicane
Le mensonge et la ruse oratoire,Circonlocution
Le mensonge et la ruse oratoire,Contrevérité
Le mensonge et la ruse oratoire,Détour
Le mensonge et la ruse oratoire,Duperie
Le mensonge et la ruse oratoire,Équivoque
Le mensonge et la ruse oratoire,Fallacieux
Le mensonge et la ruse oratoire,Faux-fuyant
Le mensonge et la ruse oratoire,Feinte
Le mensonge et la ruse oratoire,Palinodie
Le mensonge et la ruse oratoire,Paralogisme
Le mensonge et la ruse oratoire,Périphrase
Le mensonge et la ruse oratoire,"Sophisme, sophiste"
Le mensonge et la ruse oratoire,Spécieux
Le mensonge et la ruse oratoire,Subterfuge
Le mensonge et la ruse oratoire,Tromperie
Le repentir,Absolution
Le repentir,Attrition
Le repentir,Componction
Le repentir,Confession
Le repentir,"Contrit, contrition"
Le repentir,Conversion
Le repentir,Désaveu
Le repentir,"Expiation, expiatoire"
Le repentir,Palinodie
Le repentir,"Pénitence, pénitent, pénitentiel"
Le repentir,Rachat
Le repentir,Regret
Le repentir,Remords
Le vent,Alizé
Le vent,Aquilon
Le vent,Autan
Le vent,Blizzard
Le vent,Bourrasque
Le vent,Brise
Le vent,Cyclone
Le vent,Éole
Le vent,Mistral
Le vent,Ouragan
Le vent,Rafale
Le vent,Simoun
Le vent,Sirocco
Le vent,Souffle
Le vent,Tempête
Le vent,Tornade
Le vent,Tramontane
Le vent,Zéphyr
Les bruits sourds,Assourdi
Les bruits sourds,Bourdonnement
Les bruits sourds,Bruissement
Les bruits sourds,Caverneux
Les bruits sourds,Chuchotement
Les bruits sourds,Étouffé
Les bruits sourds,Feutré
Les bruits sourds,Frémissement
Les bruits sourds,Frottement
Les bruits sourds,Grondement
Les bruits sourds,Lointain
Les bruits sourds,Mat
Les bruits sourds,Murmure
Les bruits sourds,Râle
Les bruits sourds,Ramage
Les bruits sourds,Roulement
Les bruits sourds,Rumeur
Les bruits sourds,"Sourd, sourdine"
Les bruits stridents,"Aigre, aigreur"
Les bruits stridents,Aigu
Les bruits stridents,Clameur
Les bruits stridents,"Cri, criard, crier"
Les bruits stridents,Crissement
Les bruits stridents,"Glapir, glapissement"
Les bruits stridents,Grincement
Les bruits stridents,"Hurlement, hurler"
Les bruits stridents,Métallique
Les bruits stridents,Perçant
Les bruits stridents,Sifflement
Les bruits stridents,"Stridence, strident"
Les bruits stridents,Tapage
Les bruits stridents,Tintamarre
Les bruits stridents,Vacarme
Les couleurs,Ambré
Les couleurs,Azuré
Les couleurs,Bis
Les couleurs,Blafard
Les couleurs,Blême
Les couleurs,Céladon
Les couleurs,Cendré
Les couleurs,Céruléen
Les couleurs,Cramoisi
Les couleurs,Fauve
Les couleurs,Glauque
Les couleurs,Gorge-de-pigeon
Les couleurs,Incarnat
Les couleurs,Isabelle
Les couleurs,Lie-de-vin
Les couleurs,Livide
Les couleurs,Nacré
Les couleurs,Olivâtre
Les couleurs,Opalin
Les couleurs,Pers
Les couleurs,Puce
Les couleurs,Rougeoyant
Les couleurs,Rubicond
Les couleurs,Rutilant
Les couleurs,Sinople
Les couleurs,Tourterelle
Les couleurs,Zinzolin
Les défauts et les péchés,Abjection
Les défauts et les péchés,Acédie
Les défauts et les péchés,Adultère
Les défauts et les péchés,Arrogance
Les défauts et les péchés,Avarice
Les défauts et les péchés,Avidité
Les défauts et les péchés,Bassesse
Les défauts et les péchés,Blasphème
Les défauts et les péchés,Calomnie
Les défauts et les péchés,Colère
Les défauts et les péchés,"Concupiscence, concupiscent"
Les défauts et les péchés,Convoitise
Les défauts et les péchés,Corruption
Les défauts et les péchés,Couardise
Les défauts et les péchés,Cruauté
Les défauts et les péchés,Cupidité
Les défauts et les péchés,Cynisme
Les défauts et les péchés,Débauche
Les défauts et les péchés,Déloyauté
Les défauts et les péchés,Duplicité
Les défauts et les péchés,Égoïsme
Les défauts et les péchés,Envie
Les défauts et les péchés,Fatuité
Les défauts et les péchés,Fausseté
Les défauts et les péchés,Félonie
Les défauts et les péchés,Fourberie
Les défauts et les péchés,Gloutonnerie
Les défauts et les péchés,Gourmandise
Les défauts et les péchés,Haine
Les défauts et les péchés,Hypocrisie
Les défauts et les péchés,Ignominie
Les défauts et les péchés,Impiété
Les défauts et les péchés,Imposture
Les défauts et les péchés,"Impudence, impudicité"
Les défauts et les péchés,Infamie
Les défauts et les péchés,Infatuation
Les défauts et les péchés,Infidélité
Les défauts et les péchés,Ingratitude
Les défauts et les péchés,Insolence
Les défauts et les péchés,Intempérance
Les défauts et les péchés,Ivrognerie
Les défauts et les péchés,Jalousie
Les défauts et les péchés,Lâcheté
Les défauts et les péchés,Lésine
Les défauts et les péchés,Libertinage
Les défauts et les péchés,Lubricité
Les défauts et les péchés,Lucre
Les défauts et les péchés,Luxure
Les défauts et les péchés,Malice
Les défauts et les péchés,Malveillance
Les défauts et les péchés,Méchanceté
Les défauts et les péchés,Médisance
Les défauts et les péchés,Mensonge
Les défauts et les péchés,Morgue
Les défauts et les péchés,Oisiveté
Les défauts et les péchés,Orgueil
Les défauts et les péchés,Outrecuidance
Les défauts et les péchés,Paresse
Les défauts et les péchés,Parjure
Les défauts et les péchés,"Perfide, perfidie"
Les défauts et les péchés,Perversité
Les défauts et les péchés,Pingrerie
Les défauts et les péchés,Poltronnerie
Les défauts et les péchés,Présomption
Les défauts et les péchés,Pusillanimité
Les défauts et les péchés,"Rancœur, rancune"
Les défauts et les péchés,Rapacité
Les défauts et les péchés,Ressentiment
Les défauts et les péchés,Scélératesse
Les défauts et les péchés,Suffisance
Les défauts et les péchés,Superbe
Les défauts et les péchés,Trahison
Les défauts et les péchés,Traîtrise
Les défauts et les péchés,Turpitude
Les défauts et les péchés,Vanité
Les défauts et les péchés,Vénalité
Les défauts et les péchés,Vice
Les défauts et les péchés,Vilenie
Les odeurs agréables,"Aromate, aromatique"
Les odeurs agréables,Baume
Les odeurs agréables,Bouquet
Les odeurs agréables,Capiteux
Les odeurs agréables,Effluve
Les odeurs agréables,Embaumer
Les odeurs agréables,Encens
Les odeurs agréables,Essence
Les odeurs agréables,Exhalaison
Les odeurs agréables,Fleuri
Les odeurs agréables,Fragrance
Les odeurs agréables,Musqué
Les odeurs agréables,Odeur
Les odeurs agréables,Odorant
Les odeurs agréables,"Parfum, parfumé"
Les odeurs agréables,Senteur
Les odeurs agréables,"Suave, suavité"
Les odeurs désagréables,Âcre
Les odeurs désagréables,Écœurant
Les odeurs désagréables,Empuantir
Les odeurs désagréables,"Fétide, fétidité"
Les odeurs désagréables,Infect
Les odeurs désagréables,Malodorant
Les odeurs désagréables,Méphitique
Les odeurs désagréables,Miasme
Les odeurs désagréables,Moisi
Les odeurs désagréables,Nauséabond
Les odeurs désagréables,Pestilentiel
Les odeurs désagréables,Puanteur
Les odeurs désagréables,"Putréfaction, putride"
Les odeurs désagréables,Rance
Les odeurs désagréables,Relent
Les types de textes et de discours,Acrostiche
Les types de textes et de discours,Adage
Les types de textes et de discours,Allocution
Les types de textes et de discours,Antienne
Les types de textes et de discours,Aphorisme
Les types de textes et de discours,Apologue
Les types de textes et de discours,Apophtegme
Les types de textes et de discours,Déprécation
Les types de textes et de discours,Diatribe
Les types de textes et de discours,Dithyrambe
Les types de textes et de discours,Épigramme
Les types de textes et de discours,Harangue
Les types de textes et de discours,Homélie
Les types de textes et de discours,Invective
Les types de textes et de discours,Jérémiade
Les types de textes et de discours,Maxime
Les types de textes et de discours,Mercuriale
Les types de textes et de discours,Oraison
Les types de textes et de discours,Palinodie
Les types de textes et de discours,Pamphlet
Les types de textes et de discours,Panégyrique
Les types de textes et de discours,"Persifler, persiflage"
Les types de textes et de discours,Philippique
Les types de textes et de discours,Soliloque
